the_geom,Name,Descriptio
"MULTILINESTRING ((-2.47674918968283 51.283910020444, -2.47671617255914 51.2838954125237, -2.47659102508757 51.2838317387718, -2.47646981448764 51.2837714647861, -2.4763186851228 51.2837103236451, -2.47612731703306 51.2836335248946, -2.47595964292122 51.2835729000741, -2.4757135114168 51.2834819405225, -2.47566738371718 51.2835370526159, -2.47517471927825 51.283510648141))",kml_1,<center><table><tr><th colspan='2' align='center'><em>Attributes</em></th></tr><
"MULTILINESTRING ((-2.40284931665847 51.4036567745032, -2.40282529281292 51.4036475983795, -2.4027974792777 51.4036387948488, -2.40276716404538 51.4036285616613, -2.40267680952332 51.4035707129736, -2.4026595149183 51.4035584573879, -2.4026109057076 51.4035031618365, -2.40259225996155 51.4034855174329))",kml_2,<center><table><tr><th colspan='2' align='center'><em>Attributes</em></th></tr><
"MULTILINESTRING ((-2.49729776908987 51.2790856062351, -2.49742903693473 51.2791781774722, -2.49753903185191 51.279194609715, -2.49762958974088 51.2792063601865, -2.49788457184288 51.2793486549271, -2.49786475559529 51.2793635715951, -2.49806210951154 51.2794674571219, -2.49813739814398 51.2794991385557, -2.49821288970758 51.2795167957626, -2.49826452759523 51.2795258348723, -2.49830414108874 51.2795270145785, -2.49830863687173 51.2795491990143, -2.49835555933478 51.2795812707833, -2.49840028504759 51.2796069694844, -2.49844517574254 51.2796369823316, -2.49844399674315 51.2796591010418, -2.49847017283847 51.2796638437596, -2.49846307703037 51.2797290464412, -2.49857906806324 51.2797423059085, -2.49863299114661 51.2797549308404, -2.49865079572897 51.2797725638962, -2.4986574194178 51.2797947392498, -2.49865782260657 51.2798319532495, -2.49865733346621 51.2798522711607, -2.49845038980347 51.279987453076, -2.49859973675129 51.2801007112703, -2.49878760769248 51.2802344804623, -2.49863520909209 51.28014514706, -2.49843330821877 51.2799929194207, -2.49821684301389 51.2798383263321, -2.49791100403072 51.2796393464444, -2.49760780611173 51.2794438603524, -2.49756248441991 51.2793957805156, -2.49751065051434 51.2793357725752, -2.49747145269969 51.2792636652225, -2.49741945714231 51.279199612741, -2.49732248830343 51.2791196605339, -2.49727100172497 51.2790917428266))",kml_3,<center><table><tr><th colspan='2' align='center'><em>Attributes</em></th></tr><
"MULTILINESTRING ((-2.5810948352595 51.3985353164601, -2.58107473976034 51.3985675074121, -2.58095460386556 51.3987110307801, -2.5808765468733 51.3988175797389, -2.580753724881 51.3989737010203, -2.58066878896611 51.3990518782329, -2.580569144839 51.3991197907639, -2.58047296902866 51.3991995516961, -2.58044452116178 51.3992273792437, -2.58039429516665 51.3992762594091, -2.58035435461961 51.3993231109801, -2.5803075159001 51.3993961551304, -2.58028176696181 51.3994499479013, -2.58028630722937 51.3994996353919, -2.58031459263929 51.3995993646845, -2.58035721631895 51.3996801457211, -2.58039161857899 51.3997387642857, -2.58044866466626 51.3998259460105, -2.58050914240712 51.3998939638179, -2.58054689436657 51.3999362953796, -2.58062460480482 51.4000080031578, -2.58081740297113 51.4001547389953, -2.58103604321951 51.4003110546081, -2.58120557722593 51.4004268926475, -2.58126688754352 51.4004762983973, -2.58131501430741 51.4005328709675, -2.58133725109169 51.4005759984008, -2.58137091494614 51.4006883754278), (-2.57932573421459 51.3999806351181, -2.57948374142013 51.3998039359503, -2.57967644166166 51.3995309709002, -2.57983969622958 51.3992540162748, -2.58006911810994 51.3990360621261, -2.58059207599505 51.3987593920545, -2.58107473976034 51.3985675074121))",kml_4,<center><table><tr><th colspan='2' align='center'><em>Attributes</em></th></tr><
"MULTILINESTRING ((-2.4906602629562 51.3395581052322, -2.4909639121829 51.3391966345103, -2.4912067353329 51.338892140133, -2.49136524132562 51.3387388381358, -2.49146123953466 51.3386840504331, -2.49182726426245 51.3385888456558, -2.49191298201338 51.3385688890202, -2.49206186282964 51.3385118110791, -2.49276500642501 51.3382093329147, -2.49330922348613 51.3379878838791, -2.49385742265089 51.3377629995988, -2.49433238252276 51.337519005323, -2.49452750846593 51.3373824440706, -2.49452844659129 51.3373816310783, -2.4946974378615 51.3372253137732, -2.49490426975757 51.3369780451786), (-2.49059340894088 51.3395491265299, -2.49016054647735 51.3385287765982, -2.49000747690727 51.3383598808792, -2.48988615190877 51.3381708960696, -2.48952023466372 51.337454458375), (-2.49125600056164 51.3373674529069, -2.49238247069332 51.3371282816443, -2.4928670067991 51.3370265522726, -2.49328104947842 51.3370397304388, -2.49350369489598 51.3370188360046, -2.49490426975757 51.3369780451786, -2.49609628905634 51.3369477400574, -2.49615979493589 51.3371072092745), (-2.49607701237451 51.3371135828765, -2.49531328698816 51.3372605542877, -2.49502392677578 51.3373181406079, -2.49480390528874 51.3373629381493, -2.49463791865641 51.3373806292248, -2.49452844659129 51.3373816310783, -2.49410724432331 51.3373853872586, -2.49341046870473 51.3373972254344, -2.49305915194905 51.3373949301733, -2.49265705727522 51.3373924879941, -2.49230404122215 51.3373862423658, -2.49201755869922 51.337370367275, -2.49154329308315 51.337359505043, -2.49129446480626 51.3373672015961))",kml_5,<center><table><tr><th colspan='2' align='center'><em>Attributes</em></th></tr><
"MULTILINESTRING ((-2.40255082634946 51.4034644456139, -2.4025700734948 51.4034561094924, -2.40258140937893 51.4034512164171, -2.40261635879431 51.4034762657163, -2.40269068032513 51.4035575412109, -2.40275896118711 51.4035988359913, -2.40284835263533 51.4036549800018))",kml_6,<center><table><tr><th colspan='2' align='center'><em>Attributes</em></th></tr><
"MULTILINESTRING ((-2.53243551408703 51.3292172846122, -2.53239183870163 51.3285016701462, -2.53239244145866 51.3281247485766, -2.53242378494747 51.3277761830642, -2.53249787231944 51.3276238380121, -2.53258201710443 51.3274714471517, -2.53263871026092 51.3274111410759, -2.5326968195058 51.3273607166933, -2.53275525282379 51.3273178417693, -2.53278049958254 51.3272601957207, -2.53276812068876 51.3272131484337, -2.53273437105683 51.3271395902473, -2.53266495202214 51.3270412042702), (-2.53239165539194 51.3284858499182, -2.53135512251542 51.3284842669347, -2.53124930917929 51.3285132430696))",kml_7,<center><table><tr><th colspan='2' align='center'><em>Attributes</em></th></tr><
"MULTILINESTRING ((-2.59164400106402 51.3357515517922, -2.59168646972935 51.335786664915, -2.59173355860375 51.3358680492995, -2.5917838893835 51.3359530129767, -2.59180561925626 51.3359493074375, -2.59210476102658 51.3358892749223, -2.59211615378429 51.3358916444006, -2.59219951368475 51.3359220558973, -2.59233089525952 51.3359684050324, -2.59246290935684 51.3361280153472, -2.59247204534003 51.336138935997, -2.59255643214275 51.3362397278554, -2.5926074895929 51.3362340758794, -2.59269459261826 51.3362242861381, -2.59273395430644 51.3362203113803, -2.59274223065546 51.3362196402312, -2.59275491493376 51.3362211940764, -2.59277316860103 51.3362232590766, -2.59278682867597 51.3362270552897, -2.59285366712696 51.3362428076052, -2.59258393972772 51.3361701017409, -2.59247204534003 51.336138935997, -2.59244947665799 51.336132667839, -2.59232885010628 51.3361035237808, -2.59219171175684 51.3360696988176, -2.59203059411182 51.3360303317287, -2.59188225032289 51.3359902705931, -2.5917819677729 51.3359600343034, -2.5916941955954 51.3359270379276, -2.59159644636544 51.3358913052346, -2.59153744445798 51.3358682313169, -2.59152257332682 51.3358622836574, -2.591472845505 51.3358424888716, -2.5914101459868 51.3358171862582, -2.59117398294315 51.3357219243667, -2.59101330302013 51.335642821192, -2.59087655147152 51.3355744740242, -2.59079532839139 51.3355352413405, -2.59071408348867 51.3354943007533, -2.59067812403711 51.3354774925045, -2.5908629192909 51.3355268099151, -2.59113398715486 51.3356030187773, -2.5912378073754 51.3356323388311, -2.59133032564526 51.3356571313612, -2.59140861561655 51.3356799281663, -2.59154449670016 51.3357173560973, -2.59158488096457 51.3357284784953, -2.59161795080455 51.3357414356913, -2.59164400106402 51.3357515517922), (-2.59219306862905 51.3351558449161, -2.59219177029027 51.3351561211609, -2.59216144205873 51.3351630165007, -2.59212485881383 51.3351712918559, -2.59209987702509 51.3351797782041, -2.59206616865313 51.3351999048106, -2.59203306125384 51.3352207475082, -2.59199252788092 51.3352531339852, -2.59195817997981 51.3352787472361, -2.59189839716881 51.3353328052057, -2.59183676003203 51.3353899288626, -2.59178024087508 51.335440104895, -2.59176257881522 51.3354563748179, -2.59175973128257 51.3354650188898, -2.59176114657968 51.3354738212001, -2.59176121026371 51.3354787649651, -2.5917722811981 51.3354929120196, -2.59178196231141 51.335500234269, -2.59180289340966 51.3355080390057, -2.59180929808278 51.3355090853406, -2.59183396768018 51.3355130956893, -2.59186343626729 51.3355129467177, -2.59188612892152 51.3355104947905, -2.59190950386325 51.3355058819897, -2.59193393466378 51.3355005447058, -2.59196471891268 51.3355565718624, -2.59191100962348 51.3355676305166, -2.59180983561592 51.3355875587655, -2.59173347175669 51.33560403551, -2.59168201096772 51.3356150826944, -2.59167103354619 51.3356173854841, -2.59161083465125 51.3356300049693, -2.59159902531344 51.3356320422787, -2.59160730048132 51.3356680473497, -2.59161858040241 51.335716801969, -2.59161795080455 51.3357414356913, -2.59161758479913 51.3357589665753, -2.59160230926944 51.3358135186111, -2.59152257332682 51.3358622836574, -2.59151505804222 51.3358669061445, -2.59141972965294 51.335927256136, -2.59130431490849 51.3359994834135, -2.59099764211369 51.3360630577036, -2.59101124456487 51.3360531907578, -2.59108040167857 51.336010052806, -2.59112701379661 51.3359808720885, -2.59116883023214 51.3359561202993, -2.59123438880926 51.3359184838672, -2.59132178195124 51.3358668936769, -2.5914101459868 51.3358171862582, -2.59144567345002 51.3357912076428, -2.59149385634545 51.3357553667983, -2.59154449670016 51.3357173560973, -2.59154473108175 51.3357171751281, -2.59160730048132 51.3356680473497, -2.59161737770889 51.3356601757808, -2.59167103354619 51.3356173854841, -2.59170735093631 51.3355884363438, -2.59180929808278 51.3355090853406, -2.59181890648217 51.3355015756938, -2.59188903122819 51.3354418022556, -2.5920124211942 51.3353365435186, -2.59213702650734 51.3352337954917, -2.59219177029027 51.3351561211609, -2.59219456078858 51.3351522416686))",kml_8,<center><table><tr><th colspan='2' align='center'><em>Attributes</em></th></tr><
"MULTILINESTRING ((-2.49383061661752 51.3423591159807, -2.4938297890131 51.3423592093638, -2.49373078613848 51.3423661890595, -2.49368575098666 51.3423501984098, -2.49361904935578 51.3423227929156, -2.49361571961496 51.3423213686821, -2.49359169736736 51.3423110424876, -2.49354983697674 51.3422930607747, -2.49347630648375 51.3422580431629, -2.4934593483422 51.3419687520781, -2.49345611699484 51.3418993690201, -2.4935711212501 51.3420486444032, -2.49363739776746 51.3421356501591, -2.49370813769087 51.3422194009392, -2.49383097461925 51.3423593841468, -2.4938297890131 51.3423592093638, -2.49361571961496 51.3423213686821, -2.4934044971721 51.3422840549632, -2.49318200547544 51.3422555078685, -2.49312581938546 51.3422482835089, -2.49277880572646 51.3422092033732, -2.49267320868024 51.3421973325985, -2.49230567496212 51.3421542922731, -2.49209576418443 51.3421287465406, -2.4920789339557 51.3421267497667, -2.4920196417666 51.3421168411708, -2.4919672765783 51.3421237132514, -2.49156072142497 51.3421839407598, -2.49136087560622 51.3422139946344, -2.49123620903827 51.3422342041744), (-2.49345587736499 51.3418991003539, -2.49345611506309 51.3418991892441, -2.49345611699484 51.3418993690201, -2.49345587736499 51.3418991003539, -2.49344195179525 51.3418810008518, -2.4932829192039 51.3416770766993, -2.49323550156131 51.3416155206329, -2.4932395682306 51.3418067938309, -2.49326290368747 51.3418083135688, -2.49328322922003 51.3418161384295, -2.49345587736499 51.3418991003539), (-2.49347630938152 51.3422583128269, -2.49347630648375 51.3422580431629, -2.49346024386696 51.3422503801515, -2.493392903358 51.3422185725103, -2.49337944387532 51.3422108086248, -2.49318200547544 51.3422555078685, -2.4931536649574 51.3422619196997, -2.49313606687692 51.3422655895122, -2.49305204300817 51.3422785283056, -2.49290750484741 51.3423000818031, -2.4928469732157 51.342307078552, -2.49282789101951 51.3423048216898, -2.49281831071251 51.3422945244322, -2.49280674007438 51.3422752463458, -2.49277880765558 51.3422093831492, -2.49277880572646 51.3422092033732, -2.49273307410056 51.3420620627658, -2.4927303687684 51.3420526354852, -2.49272087340684 51.3420502483636, -2.49269180635637 51.3420551349762, -2.49209576418443 51.3421287465406, -2.49207874152882 51.3421308856104, -2.49205983656158 51.3421341112941, -2.49203139483495 51.3421310846127, -2.49199910575487 51.3421335575091, -2.4919195633702 51.3421449484914, -2.49174100378033 51.3421730258369, -2.49160090840938 51.3422004919365, -2.49152199516508 51.3422153857968, -2.49147603988377 51.3422239386942, -2.49140157827803 51.3422455556889, -2.49135558055711 51.3422612101897, -2.49131780022249 51.3422704478498, -2.49128190509202 51.342278868558, -2.49125711539794 51.3422742083058))",kml_9,<center><table><tr><th colspan='2' align='center'><em>Attributes</em></th></tr><
"MULTILINESTRING ((-2.32659118224318 51.4064415170306, -2.32648297759911 51.4064277059476, -2.32639714985553 51.4064267766468, -2.32630954472903 51.406425942127, -2.32619173737781 51.4064452373005, -2.32608994049915 51.4064656563476, -2.32590062528158 51.4064974653693, -2.32576141062542 51.40652356149, -2.32557921441936 51.4065397092105, -2.32530927822883 51.4065527744882, -2.32504650109775 51.4065557515166, -2.32491068306148 51.4065594544222, -2.32477511798807 51.4065486840723, -2.32465853011239 51.4065394789814, -2.3245064791839 51.4065274056698, -2.32441168843927 51.4065329718821, -2.32431331933159 51.4065354017559, -2.32420605305783 51.4065368673848, -2.32410417579791 51.4065293289331, -2.32403433491992 51.4065261962741, -2.32397707433227 51.4065084664792, -2.32395365130529 51.4064816539778, -2.32392291119984 51.4064426365839, -2.32391572788999 51.4064325887016, -2.32382634412648 51.4064316673555, -2.32380478695089 51.4064172545752))",kml_31,<center><table><tr><th colspan='2' align='center'><em>Attributes</em></th></tr><
"MULTILINESTRING ((-2.49787808793554 51.4142262488346, -2.49774298106675 51.4142526217158, -2.49764344162518 51.4142026157978, -2.4976246239783 51.4142056621421, -2.49698566795972 51.4143106707222, -2.49704131748799 51.4144678336929, -2.49689336957029 51.4144909341124, -2.49688202231977 51.4144613182264, -2.4967944893931 51.4144688807708, -2.49674108653906 51.4144860067464, -2.49671210370688 51.4145028493682), (-2.49698566795972 51.4143106707222, -2.49695925594631 51.4142366227261, -2.49689163489217 51.4140468800701, -2.49689114703167 51.4140456236659), (-2.49739826101673 51.4137001777815, -2.49729112538193 51.4138021195756, -2.49706265516472 51.4140196366524, -2.4970611295931 51.4140210813816, -2.49689163489217 51.4140468800701, -2.49664259952566 51.4140847016031, -2.49641637665126 51.4143130846818, -2.49641010397208 51.4143469102689, -2.49641943675789 51.4143875913269, -2.49640305879456 51.4144188528996, -2.49640178101108 51.4144212853707), (-2.49706338403578 51.4140212515971, -2.49706265516472 51.4140196366524, -2.49696242948573 51.4138079191989), (-2.49763225913514 51.413664396121, -2.49739765947516 51.413699371317, -2.49724984401356 51.4137562706399, -2.4969677799139 51.413809334755), (-2.4972532820074 51.4137562560456, -2.49729112538193 51.4138021195756, -2.49755830803772 51.414125401531, -2.4976246239783 51.4142056621421, -2.49775521380539 51.4143636749796, -2.49776010733492 51.4143775872864, -2.49775362783719 51.4144141105545, -2.49776760413992 51.4145110435228), (-2.49782036114619 51.4140854552367, -2.49768320470706 51.4141195673845, -2.49756457960106 51.4141242961999, -2.49755830803772 51.414125401531, -2.49738544060983 51.4141572379542, -2.49695925594631 51.4142366227261, -2.49693795838313 51.4142405783908, -2.49655085923458 51.4143055930816, -2.49640305879456 51.4144188528996, -2.49640176542461 51.4144198471812))",kml_10,<center><table><tr><th colspan='2' align='center'><em>Attributes</em></th></tr><
"MULTILINESTRING ((-2.34548785418895 51.4020113165172, -2.34553767348968 51.4020321140648, -2.34560770016059 51.4020605825568, -2.34568820108887 51.4020948629854, -2.34573431038137 51.402110907191, -2.34581984083934 51.4021362734923, -2.34594171476803 51.4021557793552, -2.34613138173844 51.4021747251525, -2.34626384152261 51.4021834124958, -2.3464167092203 51.4021949158206, -2.34656485167609 51.4022085004193, -2.3466402846019 51.4022151088358, -2.34679850444992 51.4022290228694, -2.34698935594954 51.4022477839889, -2.34717836367196 51.4022734718539, -2.34741233316831 51.4023044194714, -2.34756467030701 51.4023240130432, -2.34779046440423 51.402370894839, -2.34779136780839 51.4023337672665, -2.34778958994447 51.402333772547, -2.34757047806486 51.4021052915499, -2.34715145601949 51.4019134491831, -2.34695415937508 51.4018729538567, -2.34684377412593 51.4018836183177, -2.34661845637668 51.4019305792597, -2.34639323493798 51.4019746629779, -2.34585752320211 51.4020408779784, -2.34575468412666 51.4020463953495, -2.34563564715225 51.4020415331141, -2.34548808784638 51.402010866374))",kml_11,<center><table><tr><th colspan='2' align='center'><em>Attributes</em></th></tr><
"MULTILINESTRING ((-2.34438224908306 51.3764335815678, -2.34475981441855 51.3762331815676, -2.34517707350606 51.376050281981, -2.34555197301899 51.3759057096883, -2.34543874660977 51.3758926500556, -2.34508789766194 51.3758645600415, -2.34465263987084 51.3758118176518, -2.3444156627745 51.3758037956284, -2.34418482011264 51.3758081600728, -2.34393509412676 51.3758376591779, -2.34371975508198 51.3758717311351, -2.34348858787844 51.3759593343843, -2.34324690604359 51.3760824750159, -2.34316705412754 51.376112732764, -2.34313229265253 51.3762323000152, -2.34312878182757 51.3764280033686, -2.34316078021367 51.3765881855175, -2.34322716942942 51.3767374798923, -2.34323142211406 51.3769099685529, -2.34315359435603 51.3770209426074, -2.34311420657377 51.3770606101605, -2.34304962112788 51.3771207568305, -2.34302252189896 51.3771720741919, -2.34301311621499 51.3772132718974, -2.34300587977008 51.3772594072594, -2.3430057506698 51.377337163481, -2.34301807554482 51.3773853090247, -2.34299925555071 51.3774348941878, -2.34297785035727 51.3774714527051, -2.34294661091632 51.3775077703537, -2.34283439750656 51.377630620647, -2.34274494114437 51.3777234704566, -2.34269181677658 51.3777798079383, -2.34248827302082 51.3779828384222, -2.34223883795588 51.3782276223031, -2.34208233565784 51.3783691188931, -2.34193155595929 51.3784997217292, -2.34187146049246 51.3785587759238, -2.3417612774972 51.3786686749104, -2.3417266055355 51.3787056314826, -2.34169371850789 51.3787436615281, -2.34167798575441 51.3787626744729, -2.34166698549939 51.378780864584, -2.34164659063146 51.378826049447, -2.34160257136648 51.3788963828649), (-2.34324809060875 51.3760824715427, -2.34346762164117 51.3761334252011, -2.34360339604325 51.3761677247676, -2.34378345343516 51.3762150182553, -2.34400066533654 51.3762882707347, -2.3441920434591 51.3763601605082, -2.34438224908306 51.3764335815678, -2.34377704060711 51.3771134992289, -2.34361287755368 51.377085216009, -2.34354085442052 51.3770854273816, -2.34350237406778 51.3770880572474, -2.34346280141157 51.3771188262359, -2.34344020338845 51.3771542197548, -2.34351847217077 51.3771970479793, -2.34356149396946 51.3772313500439, -2.3436431514932 51.3773153383866, -2.34362038520405 51.377344080488, -2.34353949132515 51.3773462056101, -2.34336672715885 51.3773400605077, -2.34321541098024 51.3773347511851, -2.34309765458991 51.3773341075494, -2.34304852127136 51.3773537579128, -2.34301807554482 51.3773853090247))",kml_12,<center><table><tr><th colspan='2' align='center'><em>Attributes</em></th></tr><
"MULTILINESTRING ((-2.51902409846548 51.3137270186674, -2.51880869013568 51.3136863533932, -2.51823194477203 51.3135675534016, -2.51805489834825 51.3135402007733, -2.51659032964084 51.3133478314837, -2.51640770595305 51.3133293104553, -2.51634315780391 51.3133331010338, -2.51629671571125 51.3133796005784, -2.51635983448971 51.3133643999741, -2.51650230052031 51.3133885817389, -2.51702111532752 51.3134690822316, -2.51776642479189 51.3135977499697, -2.51815790384555 51.3136632572253, -2.51902409846548 51.3137270186674))",kml_13,<center><table><tr><th colspan='2' align='center'><em>Attributes</em></th></tr><
"MULTILINESTRING ((-2.48335487349465 51.3591249784173, -2.4837306220203 51.3592387577792, -2.4840702595075 51.3593192454972, -2.48435057408193 51.3593999776502, -2.48467249032238 51.3594953690735, -2.48489889169154 51.3595391078811, -2.48505255693062 51.3595689446998, -2.48523229825356 51.3595898638598, -2.48538714039004 51.3596189762285, -2.48545636141011 51.3596251614542, -2.4855715862009 51.359636819045, -2.48572031117785 51.3596473487447, -2.48580023884244 51.3596581637235, -2.48589027344153 51.3596728919439, -2.48598205058249 51.3596956132305, -2.48610569591942 51.3597196404103, -2.48626950248982 51.3597341519277, -2.48642244123473 51.359739988864, -2.48655428382405 51.3597329688526, -2.48666589886082 51.3597280103894, -2.48676560401211 51.3597166291259, -2.48684188639935 51.3597075025744), (-2.48359768563267 51.359007026571, -2.48681722235206 51.3597043690209))",kml_14,<center><table><tr><th colspan='2' align='center'><em>Attributes</em></th></tr><
"MULTILINESTRING ((-2.6294872636237 51.3080506749161, -2.62911633770586 51.3078789058287, -2.62907549680466 51.3078332798718, -2.62899349115045 51.3076577998677, -2.62878902737202 51.3072202202953, -2.62874452089012 51.3071746139105, -2.62833569819635 51.3069727519391, -2.62824330841582 51.3069113115332, -2.62820243731965 51.3068633482101, -2.62775295224172 51.3065763939111, -2.62785250300212 51.3068332238062, -2.62827096446217 51.3070828588337, -2.62899349115045 51.3076577998677, -2.6294872636237 51.3080506749161))",kml_15,<center><table><tr><th colspan='2' align='center'><em>Attributes</em></th></tr><
"MULTILINESTRING ((-2.68916596892539 51.3552239279243, -2.68886269446705 51.3553794286361, -2.68871730491931 51.3555066727484, -2.68850263512773 51.3557437232661, -2.68826581804438 51.3559569022383, -2.68809923804823 51.3561320929414, -2.68801325800562 51.3562179960478, -2.68775793183515 51.3562946460518, -2.68729411153476 51.3562939532891, -2.68679771528398 51.3563002815827, -2.68653011470214 51.356284771152, -2.68612611860493 51.3562700593572, -2.68562310275799 51.3561978553862, -2.68527898293593 51.3561725423384, -2.68455871196002 51.3561733392078, -2.68372302047006 51.3561442421506, -2.68371804504412 51.3561440914154), (-2.68915294803454 51.3552241843391, -2.68563191000565 51.3559154513684, -2.68563999873002 51.3559972062169, -2.68372302047006 51.3561442421506, -2.68369664565509 51.3561462838849))",kml_16,<center><table><tr><th colspan='2' align='center'><em>Attributes</em></th></tr><
"MULTILINESTRING ((-2.67731406567393 51.3311440354375, -2.67657944774393 51.3315985563981, -2.67615212301209 51.331945854092, -2.6759746468556 51.3321016744202, -2.67592432322353 51.3321159882466, -2.67582847815456 51.3320848992553, -2.67547845484906 51.3319673617045, -2.67506106109487 51.3318395143267, -2.67475683564549 51.33177798348, -2.67455420138886 51.3317440030317), (-2.67454760633917 51.3316736549194, -2.67606355677365 51.3312673148177, -2.67731957572215 51.3311404977387))",kml_17,<center><table><tr><th colspan='2' align='center'><em>Attributes</em></th></tr><
"MULTILINESTRING ((-2.38035104477468 51.4079253220071, -2.38013678868675 51.40807622513, -2.3798810976707 51.4082482068147, -2.37952873183178 51.4084844135988, -2.37913101276413 51.408769936381, -2.37883161421109 51.4089757662638, -2.3785441485238 51.409177062264, -2.37834119384456 51.4093198353618, -2.37798359063017 51.4095410426066, -2.37794451314186 51.4095462026062, -2.37834028256638 51.4096113539457, -2.37860296300046 51.4096523042221, -2.37879386667564 51.4096577095825, -2.37893672546338 51.4096303700936, -2.37907457083759 51.4095702365414, -2.37921206480016 51.4094533829118, -2.37933978923337 51.4093307178653, -2.37965724596883 51.4090581292275, -2.37989394449967 51.4088395563762, -2.37995527316823 51.4087588153096, -2.38006390270552 51.4086211996502, -2.38033827117718 51.4083428161628, -2.38051808040843 51.408169192358, -2.38063646333665 51.4080644444764))",kml_18,<center><table><tr><th colspan='2' align='center'><em>Attributes</em></th></tr><
"MULTILINESTRING ((-2.33718037457502 51.3651751732898, -2.33726934438141 51.3649696051948, -2.33777762716412 51.3649989723328, -2.33788144234036 51.3650245614223, -2.33809982979735 51.3651051027194, -2.33829173219844 51.3651272009, -2.33850428713571 51.3651233503437, -2.33865973570978 51.3651164285425, -2.33876852350121 51.3651096415822, -2.33896573339796 51.3651447575414, -2.33911623494405 51.3651735363167, -2.3393132292805 51.3651794376345, -2.33946872450193 51.3651628063615, -2.33959305035337 51.3651592096619, -2.33969674707627 51.3651686170483, -2.33979030902849 51.3652007962681, -2.33988406359592 51.3652589534475, -2.33996271260598 51.3653722578053, -2.34001038519549 51.3655245750306, -2.34003766856337 51.3657062560329, -2.33999249831796 51.365907564009, -2.33997292758481 51.366063402501, -2.33987588171135 51.3662485907418, -2.33970671915855 51.3665151600523, -2.33966413652513 51.366602388296, -2.33966075391342 51.366609409633), (-2.3396665171487 51.3666039994318, -2.33966413652513 51.366602388296, -2.33718037457502 51.3651751732898, -2.33707103842149 51.3651396215411))",kml_19,<center><table><tr><th colspan='2' align='center'><em>Attributes</em></th></tr><
"MULTILINESTRING ((-2.52507345793429 51.3749965822067, -2.52488369514289 51.3748935181466, -2.52457872117757 51.3747012580513, -2.52440017954168 51.3745951765154, -2.52435106687463 51.3745681592594, -2.52430836082339 51.3745420122154, -2.52426963351794 51.3745219599766, -2.52422628363009 51.3745016587434, -2.52416260495429 51.3744749762879, -2.52409457350502 51.3744509201369, -2.52403205138522 51.374432142901, -2.52397753729819 51.3744196222172, -2.52393611119152 51.374412166777), (-2.5239378838254 51.3744117992794, -2.52422104640536 51.3744579948384, -2.52442015479234 51.3744980939568, -2.52467879805242 51.3745546458608, -2.52492538767474 51.3746240158422, -2.52502907504129 51.3746687665232))",kml_20,<center><table><tr><th colspan='2' align='center'><em>Attributes</em></th></tr><
"MULTILINESTRING ((-2.53578146134916 51.3733305692513, -2.53582583431936 51.3732555763148, -2.53584146138239 51.3731230044114, -2.53580272159183 51.3730312224343, -2.53572232053377 51.3728713133277, -2.53564607807862 51.3727733205418, -2.53562481361739 51.3727071676012))",kml_21,<center><table><tr><th colspan='2' align='center'><em>Attributes</em></th></tr><
"MULTILINESTRING ((-2.32626979252463 51.4005623919071, -2.32622661285803 51.4005571187766, -2.32577271654866 51.4005299770628, -2.32506387510063 51.4005021933057, -2.32484230170321 51.4005110781946, -2.32459753335652 51.4005249709616))",kml_32,<center><table><tr><th colspan='2' align='center'><em>Attributes</em></th></tr><
"MULTILINESTRING ((-2.32080899590079 51.3467722289751, -2.3221816829912 51.3471139115038, -2.32396334195528 51.3475295959535, -2.32509542553291 51.3474910395252, -2.32609290517066 51.3474527573802, -2.32638164390669 51.3472525730127, -2.32617500717634 51.3470448702932, -2.32495494943822 51.3466449206603, -2.32341110099041 51.3454836627018, -2.32147371536138 51.3451321308005, -2.32081526518445 51.3451116445072))",kml_33,<center><table><tr><th colspan='2' align='center'><em>Attributes</em></th></tr><
"MULTILINESTRING ((-2.53562481361739 51.3727071676012, -2.53558819881543 51.3728074744538, -2.53557163476835 51.3728395516647, -2.5355418730463 51.3728775321916, -2.53552067475868 51.3728982143389, -2.53549330587554 51.3729280936552, -2.53545265964292 51.3729672026313, -2.53541210356411 51.373014041869, -2.53534262244514 51.3730487880518, -2.53525543001642 51.3730985371741, -2.53522072238184 51.3731187416626, -2.53514763624582 51.3731592572753, -2.53519488998931 51.3731788175033, -2.53531782981703 51.3732080996279, -2.53540366763499 51.3732148086546, -2.53548756639161 51.3732279087973, -2.53557732061862 51.3732555445592, -2.53578146134916 51.3733305692513, -2.53569088866543 51.3733951662942, -2.53560220384722 51.3734084264604, -2.53528770910416 51.3733777730965, -2.53509584449164 51.3733294791842, -2.53487987388477 51.3732556759256, -2.53472164908596 51.3731665966884, -2.53460761166662 51.3730473815777, -2.53458838752104 51.3729529032474, -2.53469004069127 51.3729954073944, -2.53478966479005 51.3730264145791, -2.5349151783075 51.3730631463852, -2.53502896276666 51.3731098197347, -2.53514763624582 51.3731592572753, -2.53504247521838 51.3732019869035, -2.53498910849801 51.3732371985985, -2.53494113676431 51.3732678011467), (-2.53918467211749 51.3758958303187, -2.53811855108402 51.3757858524947, -2.53780643914597 51.375475002521, -2.53779355107902 51.375477039325), (-2.53883705302465 51.3752252201984, -2.53882242737348 51.3752305911038, -2.53883293612595 51.375207530476, -2.53887903848869 51.3751186851224, -2.53886543332322 51.3749588303854, -2.53885156620334 51.3747867515757, -2.53884305478068 51.3747277318872, -2.53871627818215 51.3746446259747, -2.5385345106225 51.374569233835), (-2.53744506502902 51.3747203127954, -2.53780272392957 51.3754713340233, -2.53780643914597 51.375475002521, -2.53842576727162 51.3753765119004, -2.53882242737348 51.3752305911038, -2.53877924258526 51.3753258053207, -2.53875375613458 51.375495727992, -2.53886935415902 51.375635427171, -2.53903178134037 51.3757379652085, -2.53912702353762 51.3758186989813, -2.5391947882743 51.3758897609983))",kml_22,<center><table><tr><th colspan='2' align='center'><em>Attributes</em></th></tr><
"MULTILINESTRING ((-2.50796641127392 51.4046972696515, -2.5078775682581 51.4047345102789, -2.50773775503291 51.4047930962148, -2.50760738593247 51.4048268310983, -2.50733277453958 51.4048725169701, -2.50732733218753 51.404873439454, -2.50687929356705 51.4049502585023, -2.50651048885559 51.405010552824, -2.50626710231352 51.4050502582399, -2.50609328923975 51.4050786958419, -2.50571520099176 51.4051464887324, -2.50556147664505 51.4051908394316, -2.5053924046574 51.4052408294011, -2.50516905946893 51.4053137956674, -2.50501372189203 51.4053839513579, -2.5050065272445 51.4053872184583, -2.50498539929304 51.4054168837312, -2.50500775430486 51.4054555304282, -2.50504592771302 51.405509749973, -2.50512245049016 51.4055588601196, -2.50502286885473 51.4053964966788, -2.50501372189203 51.4053839513579, -2.5047623028962 51.4050391340011, -2.50471939616039 51.4050286218497, -2.50473190319475 51.4050018702882, -2.50464511739054 51.4048817901021, -2.50468790615385 51.4048816057434, -2.50472583805771 51.4048386541154, -2.50472889710014 51.4047289737418, -2.5047179759046 51.4045122932552, -2.50504765898864 51.4045376597393, -2.5053429689956 51.4045523866618, -2.50556491412623 51.4045140341833, -2.50575675286461 51.4044543272992, -2.50590556660122 51.4043734118457, -2.50626710231352 51.4050502582399, -2.50630922341698 51.4051290904884, -2.50662332293586 51.4050631905061, -2.50692616548712 51.4049870009174, -2.50730154664455 51.404889102304, -2.50732733218753 51.404873439454, -2.5075054748674 51.4047651579188, -2.50785133864813 51.4047100837227, -2.5078775682581 51.4047345102789, -2.50797254250792 51.4048226412177))",kml_23,<center><table><tr><th colspan='2' align='center'><em>Attributes</em></th></tr><
"MULTILINESTRING ((-2.55384785757768 51.4063169824933, -2.55384772274904 51.4063156347617, -2.55384588838704 51.4063011709395, -2.55383615316901 51.4062410797052, -2.55382615310666 51.4062375313347, -2.55345365514091 51.4061056235769, -2.55349663579547 51.4060623625721, -2.55355937745358 51.406006423389, -2.55359885630683 51.405967673458, -2.55362032378077 51.4059392562466, -2.55362360491902 51.4059164982453, -2.5536142404108 51.405887058164, -2.55360781279068 51.4058750431103, -2.55358526291778 51.4058629244675, -2.55362615357915 51.405793874492, -2.55365590421085 51.4057446532379, -2.55366983546797 51.4057302047851, -2.55368340895509 51.4057155782391, -2.55369836568643 51.4056977090668, -2.55376620276907 51.4056024631908, -2.55376860485923 51.4056050586822), (-2.55384784453973 51.4063159038597, -2.55384772274904 51.4063156347617, -2.55384422015501 51.406310257846, -2.55382615310666 51.4062375313347, -2.5537698373509 51.4060110917785, -2.55371911699338 51.4058650784352, -2.55367694045114 51.405749228154, -2.55365155873262 51.4056793228137, -2.55361923364911 51.4055547064906))",kml_24,<center><table><tr><th colspan='2' align='center'><em>Attributes</em></th></tr><
"MULTILINESTRING ((-2.57188518454511 51.3833094135948, -2.57175403414774 51.3832338257724, -2.57166666221561 51.383182025205, -2.57159087486419 51.383128100526, -2.57148326022908 51.3830681285781, -2.57135587159731 51.3830185905439, -2.57123356312916 51.3829773875207, -2.57117156588878 51.3829651949456, -2.57111621571724 51.3829730157711, -2.57108741300622 51.3829815161488, -2.5710147520453 51.3830168383008, -2.57090633114355 51.3830823585529, -2.57079642463022 51.3831522906364, -2.57069244459719 51.3832129348936, -2.57057642383047 51.3832771434936, -2.57051127826482 51.3833166536255, -2.57045102900454 51.3833497575629, -2.57036495846796 51.3833929651977, -2.57026796374017 51.3834056627893))",kml_25,<center><table><tr><th colspan='2' align='center'><em>Attributes</em></th></tr><
"MULTILINESTRING ((-2.46002866557273 51.3017295065297, -2.46012982431408 51.3016743642466, -2.46020700282191 51.3016102370275, -2.46026275533493 51.301555992319, -2.46032094135363 51.3015085698485, -2.46033026510058 51.3014830036762, -2.46029135490677 51.301270291052, -2.46026412034445 51.3011133557943, -2.46018967154955 51.3010601624782, -2.46008998824895 51.3010498572057, -2.46002721386202 51.301028709547, -2.45999796386807 51.3009539439854, -2.45997904347993 51.3007649742058, -2.45994564702422 51.3005475653558, -2.45991218566742 51.3003354604079, -2.45987206517012 51.3003089199686, -2.45980661363579 51.3003037835959, -2.45926106040104 51.300363007668, -2.45919547264539 51.3003560736361, -2.45907556811396 51.3003102493714, -2.45897256761015 51.3002517737222, -2.45869836854953 51.3001387750805, -2.45851279980203 51.30006632971, -2.45840450402928 51.3000578546008, -2.45811726974414 51.3000606873442, -2.45785013472376 51.3000867229348, -2.45770793963061 51.3000943806892), (-2.46055603738545 51.3024159196008, -2.46039464555207 51.3022079139492, -2.46025583682529 51.3019873241854, -2.46013765005972 51.3018536691976, -2.46002866557273 51.3017295065297, -2.45988222611518 51.301679832126, -2.45964163380416 51.3016762827062, -2.45928038773391 51.3017061969488, -2.45909818187439 51.3017225531965, -2.45897184987042 51.301732217774, -2.45848208267613 51.3017184063796, -2.45817792283833 51.3017090801735, -2.45771259618209 51.3017029905256), (-2.4600291130965 51.3000835711791, -2.45999715922889 51.3002941353988, -2.45987206427128 51.3003088300795))",kml_26,<center><table><tr><th colspan='2' align='center'><em>Attributes</em></th></tr><
"MULTILINESTRING ((-2.41337237433934 51.3185328898819, -2.41335717008596 51.3184998632493, -2.41331240822286 51.3184427599975, -2.4132783172492 51.3184013501843, -2.41323700315384 51.3183592467277, -2.41316908530148 51.3182926067129, -2.41310314862403 51.3182357579166, -2.41302530355926 51.3181834457205, -2.41297492554332 51.3181464081219, -2.41288084536619 51.3180647583617, -2.4127760566347 51.317976314486, -2.41265142571119 51.3178784119043, -2.41253963927009 51.3177879249676, -2.41243052346627 51.3176917653019, -2.41236843133054 51.3176280707309, -2.41231123421883 51.3175693029537, -2.41224145238851 51.3174924212482, -2.41216472630209 51.3174195192149, -2.41213251889921 51.3173900580959, -2.41210347369513 51.3173702043012, -2.41204555341231 51.3173494633511, -2.41197235904703 51.3173273378649, -2.41152343145225 51.3172009107675, -2.41063060402112 51.3169405727159, -2.41020351016922 51.3168206260829, -2.41005104258799 51.3167709106356, -2.41000164300203 51.3167370145541, -2.40995125974848 51.3167122010128, -2.40972940150576 51.3166420529824, -2.40948403038362 51.316561918874, -2.40920535000473 51.3164743497762, -2.40906747578504 51.3164290766327, -2.40896030359643 51.3163906177458, -2.40875776193822 51.3163105122263, -2.4086677591927 51.3162737010545, -2.4086061161475 51.3162464092698, -2.40857021090426 51.3162264886569, -2.40845119043491 51.3161593051516, -2.40824532972427 51.3160516134121, -2.40790687175513 51.3158929651897, -2.40754255972728 51.3157268550759, -2.40729572869609 51.3156278440945, -2.40709012545665 51.315548645266, -2.40697596773873 51.3155091301544, -2.40682218838305 51.3154573475426, -2.40664707334064 51.3154008745779, -2.40655122668379 51.3153717229249, -2.40641794819014 51.3153237339286, -2.4063441134097 51.3152954045839, -2.40630750883401 51.3152764745191, -2.40626259634607 51.3152545169474, -2.40619457820677 51.3152150206775, -2.40610013587934 51.3151706719914, -2.4059857600132 51.3151196504637, -2.40584721023577 51.3150640382631, -2.40559436191515 51.3149660333758, -2.40546943307073 51.3149255653102, -2.40539341052001 51.3149038949721, -2.40533710161354 51.3148907859627, -2.4052835262752 51.3148791057355, -2.40522348737172 51.3148723020462, -2.40516960631948 51.3148661961449, -2.40507696817229 51.314851864398, -2.40497968636669 51.3148341327419, -2.40491234270149 51.3148172862394, -2.4048031730004 51.3147795495961, -2.40472540301576 51.3147474573681, -2.40467811951367 51.3147247882502, -2.4046354417491 51.3147012042659, -2.40457598280158 51.3146661720732, -2.40444978497257 51.3145888514841, -2.40428879892016 51.3144836944537, -2.40408478100806 51.3143683481842, -2.40388188328841 51.3142592002579, -2.40380234495533 51.314214169034, -2.40376966343339 51.314197202268, -2.40373829977565 51.3141821186837, -2.40370933522314 51.3141708022895, -2.40367894244646 51.314158502, -2.40358031313947 51.3141218065641, -2.40345581656013 51.3140762110005, -2.40339567640968 51.3140577207305, -2.40334088170853 51.3140417289897, -2.40327355084157 51.3140261399922, -2.40320861274707 51.3140135990487, -2.40313811715169 51.3140013468907, -2.40300528210055 51.313989579061, -2.40287910082965 51.3139811141881, -2.40275913163264 51.3139795495038, -2.40264239816263 51.3139827378535, -2.40249815293354 51.3139918637092, -2.40235973246817 51.3140042054821, -2.40220528190355 51.3140232542122, -2.4019979969712 51.314047518207, -2.40187535829076 51.3140653785138, -2.40182182837473 51.3140722143518, -2.40180740726718 51.3140735223584, -2.40179462658657 51.3140730268861, -2.40178289799759 51.3140710895242, -2.4017710448276 51.3140684334509))",kml_27,<center><table><tr><th colspan='2' align='center'><em>Attributes</em></th></tr><
"MULTILINESTRING ((-2.3712005961991 51.3633563027348, -2.37122293284668 51.3633213540334, -2.37123728214948 51.3632945208854, -2.37119081408366 51.3632450481687, -2.37116635773664 51.3632229225302, -2.37115634380811 51.3631854695552, -2.37114555111208 51.3631542215566, -2.37115266789533 51.3631263326509, -2.37115395359906 51.3630949564664, -2.37114721118249 51.3630520097405, -2.37114209771234 51.3630201144951, -2.37113784229252 51.3629918121863, -2.37113104256479 51.3629564165204, -2.37112121767789 51.3629276824102, -2.37110388640135 51.3628933089349, -2.37107690997695 51.3628670562596, -2.37105739780419 51.3628412293761, -2.37101753082647 51.362802522636, -2.37098508154888 51.3627438364773, -2.37096745831231 51.3626879798536, -2.37094044861418 51.3626429399419, -2.37085368263732 51.3625598854831, -2.37080570241946 51.3624403919702, -2.37079007384848 51.3622503210811, -2.37076150114771 51.3622023196584, -2.37070188850088 51.3621966655023, -2.37061787238146 51.362233966795, -2.37059595443544 51.3622327777035))",kml_28,<center><table><tr><th colspan='2' align='center'><em>Attributes</em></th></tr><
"MULTILINESTRING ((-2.42009675174621 51.3092838384293, -2.41996579360247 51.3091139624181, -2.41984014340246 51.3089682482633, -2.41975273251714 51.3088649159139, -2.41965227091714 51.3087442810691, -2.41958691775175 51.3086600165694, -2.41950693859939 51.3085413756816, -2.41945142484111 51.3084464685309, -2.41941273654548 51.3083676816814, -2.41935387588045 51.3082299977019, -2.41928700106493 51.3080565652336, -2.41923873038782 51.3079256750683, -2.41920390073412 51.3078159513378, -2.41917918318334 51.3077125737343, -2.41917245649785 51.3076494034762, -2.41916723713526 51.3075829017995, -2.41916935710978 51.3075429819825, -2.41917259400719 51.3074698878703))",kml_29,<center><table><tr><th colspan='2' align='center'><em>Attributes</em></th></tr><
"MULTILINESTRING ((-2.41914452798981 51.3071678600441, -2.4191241115156 51.3071859116478, -2.41912175223475 51.3071995837425, -2.41915296728819 51.3072632056539, -2.41916698423709 51.3072956964965, -2.41917981078631 51.3073403270751, -2.41918749974983 51.3073793128341, -2.41918845775757 51.307406546799, -2.41918188363365 51.3074379427944, -2.41917259400719 51.3074698878703, -2.4190037928183 51.3075464514539, -2.41886628952462 51.3076049242936, -2.41868663059067 51.3076712785469, -2.41848515198992 51.3077575767713, -2.41833710611471 51.3078275030196, -2.4182236876946 51.3078812145954, -2.41815579425725 51.3079203806169, -2.41808937319956 51.3079653843435, -2.41805622584904 51.3079883354287, -2.41800197438083 51.3080318573519, -2.41797596788596 51.3080596370962, -2.41794235812366 51.3080967927969, -2.4179019446192 51.3081532097543, -2.4178007024559 51.3082973990612, -2.41768035948319 51.3084614327744, -2.41756568501392 51.3086245472086, -2.41747285430558 51.3087704141592, -2.41741999401043 51.3088500675756, -2.41737397346599 51.3089144148701, -2.41732990729371 51.3089725526026, -2.41731106207064 51.3089944636514, -2.41728854027333 51.3090153090984, -2.41724826707699 51.3090482634111, -2.417162249313 51.3091108654806, -2.41698923991005 51.3092331064492, -2.41682549738142 51.30934686427, -2.41662585651628 51.3094935603773, -2.41636326522628 51.3096772460984, -2.41606390492658 51.3098893780438, -2.41583870968579 51.3100623223136, -2.41579381570838 51.3100946632906, -2.41564093482781 51.3102067627768, -2.41555486593385 51.3102772743557, -2.41551365710394 51.3103116696617, -2.41547606585452 51.3103536929588, -2.41541157735723 51.310429970814, -2.41534391277602 51.3105082375364, -2.41524188331329 51.3106322015746, -2.41514428895707 51.3107495876469, -2.41510517632459 51.3107935039569))",kml_30,<center><table><tr><th colspan='2' align='center'><em>Attributes</em></th></tr><
"MULTILINESTRING ((-2.50311799416375 51.4123687354719, -2.50380127365005 51.4123091673796, -2.50445212400113 51.4122654658905, -2.50497985818545 51.4122381124237, -2.50526624514413 51.412213236121, -2.50572362959414 51.4121923852127))",kml_34,<center><table><tr><th colspan='2' align='center'><em>Attributes</em></th></tr><
"MULTILINESTRING ((-2.57136584329185 51.3835526782999, -2.57112726488771 51.3835938437655, -2.57103554058634 51.3835921336214, -2.57091721236124 51.3835757209673, -2.57080184937783 51.383559563417, -2.57066645342257 51.3835330759319, -2.57053588925063 51.3835044972441, -2.57043961839278 51.3834801560786, -2.57032971997548 51.3834365544854, -2.57026796374017 51.3834056627893))",kml_35,<center><table><tr><th colspan='2' align='center'><em>Attributes</em></th></tr><
"MULTILINESTRING ((-2.63295555112185 51.35295864348, -2.63238419687268 51.3529534604218, -2.63188435892329 51.3530946829119, -2.6318628251607 51.3530957879288, -2.63182308302384 51.3530815297046, -2.63176492423405 51.3530539768689))",kml_36,<center><table><tr><th colspan='2' align='center'><em>Attributes</em></th></tr><
"MULTILINESTRING ((-2.40307434361318 51.3890438600812, -2.40311763115249 51.3890885667289, -2.40324489376008 51.3891291188916, -2.40338653890947 51.3891747451638, -2.40349518151972 51.3891998999271, -2.40362831915104 51.3892212846245, -2.40368576945539 51.3892325926444, -2.40376165298842 51.3892514778222, -2.40383249299841 51.3892762232661, -2.40386335053554 51.3892952636492, -2.40387988270522 51.3893157018007, -2.40388823908544 51.3893361681497, -2.40388427251636 51.3893566770018, -2.40385611161883 51.3894016297873, -2.40382572677453 51.3894362527588, -2.40381362948009 51.3894619134401, -2.40381388921491 51.3894913968247, -2.40382430507255 51.389516979868, -2.40386558468929 51.3895488387349, -2.40395820470812 51.3896112632428, -2.40401379370659 51.3896533202777, -2.40403865960919 51.3896916179806, -2.40447604563598 51.3899762313539, -2.40467988673712 51.3901137795797, -2.40509841275825 51.3903819158357, -2.40532139444943 51.3905395323267, -2.4056378992668 51.3907270278652, -2.40596402936191 51.390917275801))",kml_37,<center><table><tr><th colspan='2' align='center'><em>Attributes</em></th></tr><
"MULTILINESTRING ((-2.31424597602123 51.3922386722228, -2.31418692596927 51.3922506064101, -2.31399440808579 51.3922227173905))",kml_38,<center><table><tr><th colspan='2' align='center'><em>Attributes</em></th></tr><
"MULTILINESTRING ((-2.46424264263171 51.2801198134503, -2.46439126571185 51.2804976729241, -2.46455179620409 51.2808603829024, -2.46468149756307 51.2811550762449, -2.46479803456204 51.2813400624729, -2.4648716789737 51.2814684066752, -2.46487221469458 51.2815214413673, -2.46484855809511 51.2815669312736, -2.46478292959077 51.2816353308096, -2.46466277006461 51.2816887549695, -2.46451861025443 51.2817536906867))",kml_39,<center><table><tr><th colspan='2' align='center'><em>Attributes</em></th></tr><
"MULTILINESTRING ((-2.45335563096012 51.4051251618308, -2.45338794403198 51.4051803197065, -2.45341946756282 51.405383261407, -2.45342669283671 51.4054186504826, -2.45339038841423 51.405427330668, -2.45301403459067 51.4054628556321, -2.45289846046032 51.4054746288612, -2.4528985306563 51.4054817299772))",kml_40,<center><table><tr><th colspan='2' align='center'><em>Attributes</em></th></tr><
"MULTILINESTRING ((-2.34502917218202 51.4380898595032, -2.34498745904568 51.4381267474702, -2.34480100626888 51.4382549406008, -2.34463939602878 51.4383427895217, -2.34455302903572 51.4384042588504, -2.34426085833815 51.4386080001561, -2.3439519067369 51.4388205093522, -2.34367632435386 51.4390066718788, -2.34351498534602 51.4391312835286, -2.3433732831773 51.4392645567366, -2.34326773423438 51.4393627565362, -2.34318729325263 51.4394556690442))",kml_41,<center><table><tr><th colspan='2' align='center'><em>Attributes</em></th></tr><
