Name,LocationArea,AreaM,Easting,Northing,Geometry,Location,Ward,Lower Layer Super Output Areas (LSOA),Output Areas (OA),Middle Layer Super Output Areas (MSOA),Boundary
Walley Lane picnic site,Chew Magna,22624,357366.07853617391,161405.35840135667,"{""type"":""Polygon"",""coordinates"":[[[-2.612611041976641,51.349875065920372],[-2.612600616425529,51.349892289898904],[-2.612596968425041,51.349902826387584],[-2.612593295241292,51.349911475268527],[-2.612590199917098,51.349927941760861],[-2.612591239324822,51.349934858034402],[-2.612592905429791,51.349944377907697],[-2.612595387036507,51.349952904699002],[-2.612598461765872,51.349961518279827],[-2.612602470382097,51.349969138159267],[-2.6126063306363,51.349974511505955],[-2.612611501515739,51.349980507242591],[-2.612614631078624,51.349984356241599],[-2.612619190850465,51.349988916897274],[-2.61262483527161,51.349994910155978],[-2.612630952033484,51.350000811051025],[-2.612774821555413,51.350144425413134],[-2.61289658994589,51.350264243907972],[-2.613036923817749,51.350329130755888],[-2.613047336154915,51.350337526127241],[-2.613099278312185,51.350379413703621],[-2.613155753614322,51.350512518249978],[-2.613223852691145,51.350576254903075],[-2.613378984597811,51.350720708462525],[-2.613404333481713,51.35073936318387],[-2.613436655678163,51.350765981789188],[-2.613515119510935,51.350825618821261],[-2.613528992886821,51.35083606354064],[-2.613544430518638,51.350848387801882],[-2.61357944093891,51.350872385405317],[-2.613614921339898,51.350896110858585],[-2.613648949901971,51.350917506708214],[-2.613673528618205,51.350931670790025],[-2.613741058269228,51.350970420054558],[-2.613812996630436,51.351002404246195],[-2.6138524183038,51.351019816505172],[-2.613925025081118,51.35104865089243],[-2.613981658671157,51.351069388781099],[-2.614016853972044,51.351080620572446],[-2.614064652446339,51.351095831421269],[-2.614104800825686,51.35110559893603],[-2.614148419726929,51.35111813489857],[-2.614224853629631,51.351132116793288],[-2.614299640975703,51.351146916306654],[-2.614348532089013,51.351155289490414],[-2.614407853353613,51.351164506854104],[-2.614458155533529,51.351172153450065],[-2.61449361356846,51.351176462009754],[-2.614542427756421,51.351179082406759],[-2.614609512142328,51.35118448345051],[-2.614793629715498,51.351194214173162],[-2.614866080544619,51.351193654001996],[-2.614869363175223,51.351111654952746],[-2.614878719227559,51.350917348477402],[-2.614882673023486,51.350894315277287],[-2.614772488383653,51.35064094790151],[-2.614691361190726,51.350550492612321],[-2.614452932757186,51.350286381693856],[-2.614358443069525,51.350188175649919],[-2.614311424770893,51.350071921822689],[-2.614261010532447,51.349905346068873],[-2.614254034529083,51.349844076073872],[-2.614236744066695,51.349657819909183],[-2.613743011828676,51.349460128451753],[-2.613629403352989,51.349419373340162],[-2.613434625879826,51.349373290234155],[-2.613196954052071,51.349218032420517],[-2.613035830309406,51.349058867613664],[-2.612889790655369,51.349080666860061],[-2.612674151837195,51.349139056706555],[-2.612501324099484,51.349202885458645],[-2.612262060781056,51.349318659540494],[-2.612219621506023,51.349332275384846],[-2.612031749809081,51.349413351529257],[-2.612090689671947,51.349482979719937],[-2.612225940916482,51.349610908647797],[-2.612420059079017,51.349793993153902],[-2.612449907754578,51.349803904992044],[-2.612465248839336,51.349809038513328],[-2.612475922592764,51.349810420965198],[-2.612487475390081,51.349815574297139],[-2.612495078351492,51.349817512162588],[-2.612504942601885,51.349820337123468],[-2.612521533168943,51.349821508838545],[-2.6125336203428,51.349822344537976],[-2.612539886310016,51.349821682515774],[-2.61254616546637,51.349822009240128],[-2.612556800855624,51.349820515330066],[-2.612566725939285,51.349819025134657],[-2.612572139559613,51.349825469065124],[-2.612574467998252,51.349831389780078],[-2.612578479870345,51.349830379977753],[-2.612583902759547,51.349828643655215],[-2.612609007067114,51.349820152339312],[-2.612613436446203,51.349823814753918],[-2.612625180796539,51.349834450503629],[-2.612639314422396,51.349846691814712],[-2.612626782819188,51.349856915210403],[-2.612611041976641,51.349875065920372]]]}","(51.350116880795504, -2.6135741640334267)",6,31,79,21,1
Woodford Lodge,Chew Stoke,5264,356559.55711507483,160729.40856673347,"{""type"":""Polygon"",""coordinates"":[[[-2.624660622083826,51.344343702651763],[-2.624765631774292,51.344474834914266],[-2.625460362929371,51.344324601459],[-2.625337042706258,51.343987713804175],[-2.62541261935819,51.34395674673398],[-2.62543089639126,51.343942805673173],[-2.62544937832621,51.343926526310334],[-2.625460700963124,51.343914779809353],[-2.625467786805038,51.343904853787492],[-2.625473333852153,51.343894935984565],[-2.625478987024743,51.343884118689594],[-2.625484521826152,51.343873302026601],[-2.62548875457132,51.343862492318358],[-2.625494326090874,51.343854372233444],[-2.625550448164863,51.343759595428942],[-2.625576364830284,51.343706869868512],[-2.625600754449984,51.343672400636258],[-2.625562281486318,51.343568061202511],[-2.625562208033083,51.343562668045216],[-2.625560595799437,51.343557283108403],[-2.625560522346429,51.343551889951094],[-2.62555902848108,51.343546504381884],[-2.625557522373985,51.343540219953127],[-2.62555453342091,51.343529358928649],[-2.625552618347309,51.343519121414744],[-2.625549857183464,51.343498910353659],[-2.625545958020153,51.343490750966239],[-2.625540848251073,51.343480620410844],[-2.625536502552587,51.343474441043377],[-2.625532043384397,51.343468621851898],[-2.62552817605476,51.343462799498688],[-2.625521236068491,51.343457353129082],[-2.625513678540058,51.343450022315444],[-2.625503005513764,51.343439921476048],[-2.625496684300909,51.343436449434606],[-2.6254879749317,51.343431461976948],[-2.62547666148179,51.343426488428328],[-2.62449370243898,51.343873106891188],[-2.624570873793861,51.343924563269482],[-2.624620490242926,51.344204313705099],[-2.624660622083826,51.344343702651763]]]}","(51.343978052767284, -2.6250716659597906)",6,31,84,21,1
Sailing Club,Chew Stoke,17903,356699.48299093149,160822.87698092565,"{""type"":""Polygon"",""coordinates"":[[[-2.624555828555831,51.343915025019847],[-2.624264611751171,51.343722769693137],[-2.624223873167346,51.343695389874888],[-2.624160791282218,51.343678916238389],[-2.624118982817302,51.34366862165912],[-2.624036670064682,51.343613327005237],[-2.623953982869769,51.34355659600876],[-2.623927967747144,51.343576061512081],[-2.623897294743096,51.343592495482191],[-2.623878899013175,51.343606436936334],[-2.623853738044657,51.343627785614352],[-2.623832672319995,51.343645606662719],[-2.62380484133739,51.343670834931267],[-2.623778608882622,51.343691739838356],[-2.623746623970211,51.343716181188199],[-2.623733967154966,51.343725597425163],[-2.623728229365819,51.343730212504674],[-2.623724832086053,51.343732837482492],[-2.623721785028072,51.343735101024798],[-2.623718160776083,51.343738446351253],[-2.623713831196562,51.343742155004421],[-2.623710451003578,51.343746038385582],[-2.623705765097341,51.343749659043887],[-2.623690970311944,51.343758547308767],[-2.623673830124285,51.34376906612831],[-2.62366174559308,51.343777041029554],[-2.623640712661097,51.343788569394135],[-2.623630622074762,51.343795185285487],[-2.623616504519124,51.343801642837022],[-2.623599663265574,51.34380802499934],[-2.62358595328264,51.343818345753476],[-2.623574458124838,51.343826137722012],[-2.623554650323761,51.343840715891268],[-2.623506338860316,51.343874592931385],[-2.623356092156152,51.343959891778248],[-2.623320434957728,51.343984172773709],[-2.623267416466592,51.344020142296529],[-2.623157990433336,51.344095335433728],[-2.623124177254877,51.344081042682319],[-2.623061171402725,51.344131268268157],[-2.62307665799839,51.344155906296599],[-2.623061163718608,51.344165607235134],[-2.623055661326414,51.344170131136146],[-2.623051914964318,51.344173207413881],[-2.62304043303972,51.344181988076016],[-2.623018000060949,51.344195051948589],[-2.623000980364359,51.34420574981219],[-2.622985130943351,51.344215452629975],[-2.622973137614131,51.344230168909526],[-2.622959321186744,51.344241389080132],[-2.622946344311835,51.344253413815032],[-2.622927771025807,51.344271760792985],[-2.622903794167824,51.344293192856384],[-2.622893758097618,51.344312573124526],[-2.622890983051583,51.344317442079635],[-2.622888303213293,51.344320602571251],[-2.622885278017483,51.344324484039667],[-2.622882483465661,51.344327914818749],[-2.622880048898785,51.344331703252799],[-2.622877024920557,51.34433567460696],[-2.62286962478812,51.344348658486034],[-2.622861546125662,51.344363983178091],[-2.622834401236245,51.344387499604757],[-2.622821297248286,51.344407615323945],[-2.622812452270943,51.344418809034551],[-2.622805734293346,51.344429721754324],[-2.622781199572917,51.344453673748049],[-2.622774441362242,51.344461620228387],[-2.622764419974432,51.34447335954664],[-2.622760453890833,51.344477695477934],[-2.622750320219584,51.344489884854461],[-2.622709057295301,51.344519858697872],[-2.622701710867024,51.344528077979312],[-2.622683831752711,51.344545252623803],[-2.62263841219547,51.344582979297392],[-2.622602611216943,51.344614182554686],[-2.622569546116117,51.344646360072332],[-2.622552255104651,51.344663261892094],[-2.622538705644949,51.344676727904144],[-2.62251620303319,51.344675948609151],[-2.622500140972111,51.344687450339798],[-2.622492733367584,51.3446998948789],[-2.622514391362688,51.344708229635707],[-2.622502381917315,51.344721777348902],[-2.622445136506165,51.344786624443856],[-2.622384947806989,51.344791528880094],[-2.622228735616502,51.344803865284653],[-2.622233961711682,51.344822625039491],[-2.622364534954876,51.344813930704454],[-2.622366827630749,51.344825874216859],[-2.622369299580448,51.344842311399567],[-2.622373637234141,51.344865390708392],[-2.622408186997276,51.34486412836393],[-2.622416011675205,51.344864985698344],[-2.622422511126029,51.344864142119469],[-2.622429409543452,51.344866532548259],[-2.622429460705718,51.344870307759777],[-2.6224304966002,51.344876864403368],[-2.622432021815839,51.344884587048014],[-2.622440082405641,51.344920321402434],[-2.622423773117787,51.344957264002865],[-2.6224115223937,51.344953014281053],[-2.6223908417242,51.344946921622387],[-2.622364072963726,51.344937085834168],[-2.622334077814372,51.344968707611663],[-2.622319046615227,51.344986406417817],[-2.622299602539662,51.345010421145659],[-2.622283122605439,51.345034779688099],[-2.622274150480628,51.345045344784864],[-2.622266658727023,51.345051587176137],[-2.622261416033,51.345057817615498],[-2.622256061054991,51.34506449811358],[-2.62224873126382,51.345082695340118],[-2.622236094221481,51.345102359047047],[-2.622218279251507,51.345124297577499],[-2.622203056269049,51.345145323408154],[-2.622189087874157,51.345162836764793],[-2.622182002348274,51.345172852475265],[-2.622209169196491,51.345177112857286],[-2.622162099681451,51.345224196922828],[-2.622142279184524,51.345220436854085],[-2.622132326873195,51.345237299619164],[-2.622123374155541,51.345249302880063],[-2.622127054650699,51.345250092358448],[-2.622114003681839,51.345274162980878],[-2.622109439248566,51.345286772174092],[-2.622090990067853,51.345331816414578],[-2.622013495303848,51.345440009132339],[-2.621998420587395,51.345437032862414],[-2.621983337391489,51.34546839555253],[-2.62200402798164,51.345475207369851],[-2.622000726644415,51.345484933290578],[-2.621999753515773,51.345500489853784],[-2.621992623488402,51.345524708795821],[-2.62199282434683,51.345539539983427],[-2.621993014249502,51.345553562197153],[-2.621986982728685,51.345571482832121],[-2.621984740357822,51.34558947323287],[-2.62197515490629,51.345615952526849],[-2.621952060911845,51.345658953886925],[-2.622030114554035,51.34567939434266],[-2.622002779832966,51.345723946410487],[-2.622000328077553,51.345726476422065],[-2.621998465754203,51.345728823517867],[-2.621995675920814,51.345732613819422],[-2.62199395023042,51.345736308576093],[-2.621991746176704,51.345739646303848],[-2.621989656844124,51.345742713744862],[-2.621987218477552,51.345746232501995],[-2.62198501929215,51.34574992977354],[-2.62198013768793,51.345756607743645],[-2.621961209210979,51.345783765908251],[-2.621955522112806,51.345792156112054],[-2.621954604338564,51.345794318405403],[-2.621952394192955,51.345797206702485],[-2.621949714204479,51.345800367172316],[-2.621947602655315,51.345810536233856],[-2.62194707895308,51.345815572992421],[-2.621946550381737,51.345820250207041],[-2.621945359040926,51.345828436747219],[-2.621944835338258,51.345833473505735],[-2.621942423742741,51.345838969753515],[-2.621940588191077,51.345843294339957],[-2.621937562815857,51.345847175783476],[-2.621933838152844,51.345851869972961],[-2.621929650949092,51.345857375650944],[-2.621925957931834,51.345864406875705],[-2.621921049528629,51.345869107351689],[-2.621916183726035,51.345876953836822],[-2.621906958782985,51.345886351644396],[-2.621905132963467,51.345891395318084],[-2.621899652160618,51.345897537112229],[-2.621901600914266,51.345901571922745],[-2.621899759270514,51.3459054470786],[-2.621896776488141,51.345912474530408],[-2.622129173926353,51.345983333820215],[-2.622164823739604,51.345993302260716],[-2.622205347608337,51.346004772963987],[-2.622229085755311,51.346009321237254],[-2.622300556926167,51.346006963808598],[-2.622402529840576,51.345992848093914],[-2.622507425632404,51.34591489311476],[-2.622619900819887,51.345889574715585],[-2.622774641685957,51.345847041760479],[-2.62286198759912,51.345793181079031],[-2.623269861703093,51.345299478909638],[-2.623277045816438,51.345296743897691],[-2.623281282821006,51.345294923496404],[-2.623346870951646,51.345260415239331],[-2.62336823168469,51.34524681766019],[-2.623535265741347,51.345072346004137],[-2.623543784839703,51.345063311394519],[-2.623550883475201,51.345054284348201],[-2.623557875939964,51.34504615679144],[-2.623563554111083,51.345037137308331],[-2.623569101704574,51.345027219595629],[-2.623573359412784,51.345018207676155],[-2.623577486543816,51.345008297527194],[-2.623580193215292,51.344998394942365],[-2.623583091481766,51.344993884885113],[-2.623584475326982,51.344991180741808],[-2.623591390879384,51.344968670797932],[-2.623593979174223,51.344958768843114],[-2.623598139236205,51.344942566045297],[-2.623599535283428,51.34494076076146],[-2.623604932729709,51.34491106750373],[-2.623607541753319,51.344893974040716],[-2.623608669298196,51.344872393843787],[-2.623609906683298,51.344858903383958],[-2.623612719505739,51.344848101308116],[-2.623615426160478,51.34483819872225],[-2.623620961514322,51.344827382147187],[-2.623625194784443,51.344816572506247],[-2.623626566417041,51.344812969502698],[-2.623655822187786,51.344744405524366],[-2.62369041911372,51.344650733090475],[-2.623694497362594,51.344637227498168],[-2.623697179575293,51.34462552719075],[-2.623699943538451,51.34461112967368],[-2.623701168684128,51.344596740352678],[-2.623701119859128,51.344593144913837],[-2.623702198528854,51.344567969276248],[-2.623701910461321,51.344546756186986],[-2.623702158006046,51.344495246481223],[-2.623714945484725,51.344451850198141],[-2.624169831020815,51.344117633271587],[-2.624253752621203,51.344056059026265],[-2.624362351394685,51.344024646911876],[-2.624431019933224,51.343955692789152],[-2.624555828555831,51.343915025019847]]]}","(51.344829155864005, -2.6230742317258127)",6,31,84,21,1
Denny Woods,Chew Magna,19980,357821.76434096519,160960.40126280172,"{""type"":""Polygon"",""coordinates"":[[[-2.605613957557205,51.345577481159154],[-2.60568758579585,51.345639935123984],[-2.605747081347855,51.345689967108875],[-2.605774615546552,51.345713196693431],[-2.605797852747561,51.345733751729966],[-2.605894401388561,51.345810649552469],[-2.606103234444015,51.345981622848527],[-2.606115341849033,51.345984077166868],[-2.606128797896524,51.345999019544784],[-2.60613962717381,51.346012267562806],[-2.606162696750747,51.346038037152546],[-2.606176219268253,51.346058013154433],[-2.606196610170086,51.346087122622045],[-2.606203534308999,51.346100480742393],[-2.606436102248798,51.346454980702838],[-2.606439023106336,51.346469977603704],[-2.606474118201734,51.346509887847994],[-2.606512098300977,51.346553109156893],[-2.60672393731702,51.346852611864058],[-2.606908534397576,51.347097151347342],[-2.607079469199829,51.347320007409643],[-2.607122711004842,51.347358167266073],[-2.607193647692252,51.347333079061912],[-2.607352978808824,51.347233371174582],[-2.607608828400858,51.347019987792351],[-2.607776943146783,51.346823779220088],[-2.607809696095421,51.346686613231569],[-2.607785979483609,51.346504704255423],[-2.607761525995488,51.346347609392495],[-2.607791845837689,51.346133957601999],[-2.607601809276461,51.345684133464076],[-2.607702979571242,51.345474878319514],[-2.607607999879392,51.345346735169286],[-2.606905901726988,51.345276484605343],[-2.606908982197393,51.345285637664418],[-2.60690060190552,51.345296468186284],[-2.605613957557205,51.345577481159154]]]}","(51.346150284261356, -2.6069784042545505)",6,31,79,21,1
Pumphouse & Warleigh Island,Claverton,9376,379173.11484823824,164330.49037009812,"{""type"":""Polygon"",""coordinates"":[[[-2.301568175051386,51.377758351663999],[-2.301540394691649,51.377713208008053],[-2.301454699997566,51.377742283716728],[-2.301273958325045,51.377801447812999],[-2.301137291384244,51.377843598754438],[-2.301137266000312,51.377839733503876],[-2.301138191850691,51.377836405153062],[-2.301139112978317,51.377832357685861],[-2.301140851529824,51.377826510294831],[-2.30113183015465,51.377823746875215],[-2.301119719336807,51.377819553143631],[-2.301114963758632,51.377816958533536],[-2.301109019434237,51.377813737743011],[-2.301103433446391,51.37781096548597],[-2.301098782755794,51.377806303110908],[-2.301094965428021,51.377802267829978],[-2.301093404770779,51.377799125656146],[-2.3010893487505,51.377794821315703],[-2.301087173358199,51.377788264862119],[-2.301086788462743,51.377783771298567],[-2.301085441710871,51.37777712282292],[-2.301087077151609,51.377773612865546],[-2.301088179723997,51.377761115171765],[-2.30108958455916,51.377740526504503],[-2.301089834882313,51.377724525250663],[-2.301090678691855,51.377708702252647],[-2.301083953798084,51.377676808217252],[-2.301072238372246,51.377660657951751],[-2.301057174176474,51.377639662178282],[-2.301034816010853,51.377608347684223],[-2.300998694443814,51.377555674495895],[-2.300980852027629,51.377526505767293],[-2.300948347411277,51.377465373503796],[-2.300933173612235,51.377427658256089],[-2.300913445739625,51.37736388629974],[-2.300909326069162,51.377349873880441],[-2.300900145542427,51.377322840261947],[-2.300897220508954,51.377310352920105],[-2.300894036732827,51.377294540273361],[-2.300889558155319,51.37727998942912],[-2.300880993546959,51.377256549868989],[-2.300865275935039,51.377226207076959],[-2.300856420843159,51.377212656279596],[-2.300846718255216,51.377196321035939],[-2.30083751192308,51.37718340037717],[-2.300826275857119,51.377168057873867],[-2.300812992960612,51.377147686728108],[-2.300801706791244,51.377124703609567],[-2.300798825431171,51.37711886809236],[-2.300796661315984,51.37711401953419],[-2.300791860427623,51.377104503414202],[-2.300791238647797,51.377100010457788],[-2.300791211524793,51.377095875537911],[-2.300789894907342,51.377093811425681],[-2.300790593872541,51.377092011808422],[-2.30078772548768,51.377088153861273],[-2.300785570219414,51.377084653646314],[-2.300782353531987,51.37708187528677],[-2.300780202391687,51.37707900429865],[-2.300775801698727,51.377076318871744],[-2.300770809297952,51.377073724855833],[-2.300766416270606,51.377072207992889],[-2.300762131680367,51.377069162702895],[-2.300753703953859,51.377066577511123],[-2.300746832120171,51.377066415381144],[-2.300739373294486,51.37706706377827],[-2.300705429040732,51.377075331053334],[-2.300665501081272,51.377056286797625],[-2.300653740582977,51.37705128309824],[-2.300649580355191,51.377049136395549],[-2.300645572179941,51.377052113093697],[-2.300638733351307,51.377056984772985],[-2.300636028819001,51.377060048014329],[-2.300625178274381,51.377067357053143],[-2.300618928792748,51.377071777762595],[-2.300613984722512,51.37707655468423],[-2.300608442460513,51.377080434230791],[-2.300604433690585,51.377083321037972],[-2.300600668321221,51.377087196021911],[-2.300592057891326,51.377092881266691],[-2.300577161438278,51.377097414065084],[-2.300558832008977,51.377102315238858],[-2.300546044846731,51.37710333686644],[-2.30052921591659,51.377102211481599],[-2.300502440499796,51.377101740861534],[-2.300479103947621,51.377101800756158],[-2.300452330298431,51.377101599793328],[-2.300422711850999,51.377101136450861],[-2.300408144257852,51.377101623285455],[-2.300391315331622,51.377100497880818],[-2.300374121606257,51.377097935152428],[-2.300361665679621,51.377095270375939],[-2.30034825795603,51.377091978802262],[-2.300310237256836,51.377074727354412],[-2.300242521656738,51.377045326862316],[-2.300220305580096,51.377035585704604],[-2.300204480852555,51.37704308724151],[-2.300190539703211,51.377048786125265],[-2.300180260204265,51.377052857579883],[-2.300167507763271,51.377059182650669],[-2.300160649465697,51.377061087946387],[-2.300154512515804,51.37706460943177],[-2.300147661277309,51.377067593401542],[-2.300140228918768,51.377072286791112],[-2.300131842410225,51.37707599382432],[-2.300117880650947,51.377078546564533],[-2.300103910065846,51.377079750959574],[-2.30008958292468,51.377080776484668],[-2.300078334556214,51.377081614334905],[-2.300072184656364,51.377083158245462],[-2.3000637851998,51.377084887703326],[-2.300049139732391,51.377091577177112],[-2.300036746170412,51.377098440660319],[-2.300021534861938,51.377109176679141],[-2.300007983158446,51.37712008822546],[-2.29999832944634,51.377129281851779],[-2.299991875907968,51.377138736950755],[-2.299983244811114,51.377141276016012],[-2.299919514347085,51.377159687178747],[-2.299860748565347,51.377176467552033],[-2.299849655071902,51.377182878230215],[-2.299836325531514,51.377191541910676],[-2.299826993648325,51.377195610907322],[-2.299817085332479,51.377202108438354],[-2.299810251095111,51.377207699185888],[-2.299803425083857,51.377214548386981],[-2.29979849207937,51.377221033176077],[-2.29979262726088,51.377229947409944],[-2.299788646634652,51.377237148888526],[-2.299785593706872,51.377241291695071],[-2.299782187749058,51.377245794969774],[-2.299778777677021,51.377249669017388],[-2.299773827623695,51.377253547007918],[-2.29977135524107,51.377255890506184],[-2.299767586261385,51.377259226125965],[-2.299763581536244,51.377262742131379],[-2.299759938654505,51.377267246012011],[-2.299749106724165,51.377277431435907],[-2.29974265252612,51.377286796631488],[-2.299738938186172,51.377298491980163],[-2.299732941011962,51.377323407160581],[-2.29972569188477,51.37735614606882],[-2.299723316439041,51.377373321344585],[-2.299718519126982,51.37740057062009],[-2.299718942153679,51.377465291107676],[-2.299719262949974,51.377514370810268],[-2.29971212438685,51.377527782853797],[-2.299709318342328,51.377533453174301],[-2.299704386465462,51.377540117738278],[-2.299699817607131,51.377547949956664],[-2.299696081498075,51.377556319389655],[-2.299691533786242,51.377567387632006],[-2.29968946435129,51.377577011273466],[-2.29968763653714,51.377587353424929],[-2.299687232603438,51.377598051495923],[-2.299687418624497,51.377608388492519],[-2.299693892690922,51.377638305646109],[-2.299710602012342,51.377675477774886],[-2.299717574403161,51.377691011080614],[-2.299719495634061,51.377694961369258],[-2.299729563299648,51.377712823918102],[-2.299738706786108,51.37773428447467],[-2.300518649226941,51.378020475880888],[-2.30110059657888,51.377902122322759],[-2.301152823826619,51.377881762506142],[-2.301170513993436,51.377923786020972],[-2.30116833329737,51.377970534984193],[-2.301168456098041,51.377989232009689],[-2.30117109730105,51.378012596892276],[-2.301178703876333,51.378034420853794],[-2.301186320496124,51.378057772936948],[-2.301216459333841,51.378101292567202],[-2.301289028418297,51.378147849196473],[-2.301398960000014,51.378165364682879],[-2.301408835534034,51.378243993938682],[-2.301402578878087,51.378247336014702],[-2.301392066429691,51.378252037411741],[-2.301385226320577,51.378256729354668],[-2.301376606907277,51.378261066313087],[-2.301371299129401,51.378264585727031],[-2.301366947913723,51.378269451044446],[-2.301364251629856,51.37827377275557],[-2.301362386947373,51.37827845189036],[-2.301360864655614,51.378281152540481],[-2.301360539987615,51.378285827711281],[-2.301359020649358,51.378288977809085],[-2.301359423298969,51.378296168057481],[-2.301361239821638,51.378302186082834],[-2.301354898644902,51.378328720267184],[-2.301353428928497,51.378339421086132],[-2.30135419878147,51.378348408210513],[-2.301360445693852,51.378361606117082],[-2.301367985658723,51.378373272546959],[-2.301379330621507,51.378387086567272],[-2.3014096869853,51.378409571078244],[-2.301506527926009,51.378381904960648],[-2.301521719800967,51.378368202396594],[-2.30152760807175,51.378362883659719],[-2.301532199160516,51.378358467173939],[-2.3015384439997,51.378353327300317],[-2.301543979833719,51.378348458925579],[-2.301549284061144,51.378344400166661],[-2.301554209253053,51.37833674674134],[-2.301553568464609,51.378329377324874],[-2.301550344549514,51.378325520312771],[-2.301571508008251,51.378319173428594],[-2.301590431310487,51.378314450350153],[-2.301624434856779,51.378315081883365],[-2.301714969989565,51.378319343164101],[-2.301723511306082,51.378303140762135],[-2.301828080306727,51.378279769232975],[-2.301815487893152,51.378256430018972],[-2.301802854669572,51.37822688842548],[-2.301757382973241,51.378139721409006],[-2.301739712296696,51.378100754229678],[-2.301568175051386,51.377758351663999]]]}","(51.377640511693436, -2.3006226762748208)",1,27,49,10,1
Canalside,Claverton,10680,379083.0060750359,164286.00709963602,"{""type"":""Polygon"",""coordinates"":[[[-2.302452802891664,51.378216761470725],[-2.302438716776557,51.378164571150393],[-2.302410519642302,51.378038436929778],[-2.302390646119845,51.377863110788063],[-2.302378822540113,51.377758777793595],[-2.302368055003214,51.377634935706233],[-2.302360005765313,51.37754605422294],[-2.302362118844951,51.377489237607342],[-2.302319532677213,51.377282777887501],[-2.302259093067319,51.376991596948628],[-2.302225710974799,51.376833474819193],[-2.302202649872959,51.376731507965033],[-2.302189733675678,51.376658999196877],[-2.302183162755939,51.376614609959738],[-2.302184363321785,51.376599055702947],[-2.302175541125311,51.376572560602042],[-2.302153993567516,51.376520479381973],[-2.302094659236323,51.376396762573549],[-2.30204426514907,51.376299450649846],[-2.301940954084106,51.376315268288344],[-2.301804109374847,51.376329644134302],[-2.301281460530968,51.376364969075368],[-2.301345217386253,51.376603196155841],[-2.301437277546955,51.376966119146054],[-2.301559467215974,51.377370943574761],[-2.301653536386453,51.377660599954083],[-2.301679347338583,51.377712490488449],[-2.301680428865569,51.377714824869493],[-2.301732569586298,51.377843414517081],[-2.30173629690379,51.377851764780473],[-2.301746775192818,51.377877896076193],[-2.301757247578441,51.377903128475438],[-2.301759170176788,51.377907258509275],[-2.301761947444228,51.377915251656127],[-2.301774944813956,51.377946140682901],[-2.301829302528047,51.37806951088681],[-2.30183050371666,51.378072024739978],[-2.301831589401698,51.378074988346228],[-2.30183327094784,51.378078489762714],[-2.301834232845782,51.378080644668486],[-2.301834833440361,51.378081901595053],[-2.301835194152133,51.378082709684691],[-2.301835555455614,51.378083607663896],[-2.301835916167427,51.378084415753534],[-2.301836397116511,51.378085493206427],[-2.301836758420053,51.378086391185612],[-2.301837239369177,51.378087468638483],[-2.301837719726624,51.378088456201809],[-2.301838081030216,51.378089354181],[-2.301838681625001,51.378090611107538],[-2.301940421320517,51.378303300701177],[-2.301977815291986,51.378297091667591],[-2.302019344790974,51.378289253915113],[-2.302059225864521,51.378282948548751],[-2.302127738172367,51.378270996043476],[-2.302132590995272,51.37827035428321],[-2.302330803761807,51.378237661618329],[-2.302452802891664,51.378216761470725]]]}","(51.377237213027655, -2.3019146800589243)",1,27,49,10,1
Hanham Lock,Hanham,1869,364631.78309822734,170064.79221678432,"{""type"":""Polygon"",""coordinates"":[[[-2.509892973711324,51.428314739340195],[-2.509674876279743,51.428463738406023],[-2.509994869559398,51.428604283589046],[-2.509896958678352,51.428672577274632],[-2.509934414601034,51.428681403346474],[-2.509954624941774,51.428685809926129],[-2.509967581277573,51.428688450259166],[-2.509980527603142,51.428690191726346],[-2.509993483941653,51.428692832056505],[-2.510045337783617,51.428695303067052],[-2.510069787339011,51.428696994449119],[-2.510118825073957,51.428702174410432],[-2.510136040647786,51.428703897273252],[-2.510154797892485,51.428705613421066],[-2.510172003453431,51.428706437414228],[-2.510238216723752,51.428709744723065],[-2.510246883809095,51.428710605887787],[-2.51034033271248,51.428710198897654],[-2.51034613360248,51.42870927472309],[-2.510348979761873,51.428709262326144],[-2.510376263831666,51.428699255494195],[-2.510550687782533,51.428590177173319],[-2.51048629560157,51.428558726286226],[-2.51032906380983,51.428475902663997],[-2.510249892744084,51.428437864096459],[-2.510235094519514,51.42842956869498],[-2.510257525693285,51.428409784925435],[-2.51032844426505,51.428345833370507],[-2.510380789197221,51.428317919001373],[-2.510359194348044,51.428306327261396],[-2.510249168807505,51.428255838371562],[-2.510139209605883,51.428211281882753],[-2.510109631374266,51.428196309004818],[-2.510086751201924,51.428186430735757],[-2.510061243065279,51.428174855977161],[-2.509937981842042,51.428277598344366],[-2.509912953650278,51.428298472044965],[-2.509892973711324,51.428314739340195]]]}","(51.428476416727484, -2.5101150763883155)",24,48,161,1,1
Kelston Mills,Kelston,7323,369422.87280820269,167991.22000898895,"{""type"":""Polygon"",""coordinates"":[[[-2.441720448563248,51.40961843962905],[-2.441682522640097,51.409594761548128],[-2.44163287722618,51.40960969083212],[-2.441595270191101,51.409619091369429],[-2.441546297855597,51.409630062880005],[-2.441491998043961,51.409641773575899],[-2.441448447404572,51.409649488539543],[-2.441421460567842,51.409653815108278],[-2.441378383206535,51.409661438371508],[-2.441308429721069,51.40967257872645],[-2.441288118434495,51.409680745423692],[-2.441195512995014,51.409690892351144],[-2.441142799905201,51.409695046073956],[-2.441046043703335,51.40970502873266],[-2.441024726045033,51.409707176483607],[-2.440963389634161,51.409714508772296],[-2.440933083535699,51.409718847723283],[-2.440900054424501,51.409723556478923],[-2.440849776116629,51.409734352831563],[-2.440819737349305,51.40974183692822],[-2.440766995561097,51.409755339242288],[-2.440756495397646,51.409772907473837],[-2.440741318392165,51.409797235117509],[-2.440728140160397,51.409819847312185],[-2.440715777173716,51.409816298189924],[-2.440682983414455,51.409808511165387],[-2.440656853969472,51.409803395789076],[-2.440638783674019,51.409798070310231],[-2.440623692499609,51.409794351658775],[-2.44059768161148,51.409789235823318],[-2.44056323780883,51.40978244377127],[-2.440531207211834,51.409780047287335],[-2.440497831894795,51.409785746031183],[-2.440461534494463,51.409795770515423],[-2.44042467547491,51.40980903317184],[-2.440406972764306,51.409817279799157],[-2.440388423834269,51.409823821678266],[-2.44035842381163,51.409835350600616],[-2.440346128237982,51.409838812675105],[-2.44032886856987,51.40984382155321],[-2.440311910774732,51.409855571110519],[-2.440304305728608,51.409866027038859],[-2.440295729015126,51.409874059564935],[-2.440292148359441,51.409883871129836],[-2.440297960203382,51.409896523899953],[-2.44031742172063,51.409910923181258],[-2.44033828502634,51.409923159808748],[-2.44034996008461,51.409929138610657],[-2.440361141103674,51.40993305177826],[-2.440374120136202,51.409939025675826],[-2.440391980157212,51.409947138603314],[-2.440450851471059,51.409966962930376],[-2.440508426644143,51.409987601119923],[-2.440544678986831,51.409997532567473],[-2.440563346386055,51.410003305269505],[-2.440575453308863,51.410004877771392],[-2.440554460493154,51.410040823187032],[-2.440537476368977,51.410086821302038],[-2.440503570384289,51.410172974382036],[-2.440558297588816,51.41016863359124],[-2.44046620950584,51.410306692716915],[-2.440391028447367,51.410514083962838],[-2.440377857615039,51.410537505104884],[-2.44037074980933,51.410624366410374],[-2.440400596908141,51.41063387252661],[-2.440652006444278,51.410716795260555],[-2.440726191469798,51.410664739033791],[-2.440813842813277,51.410607688087445],[-2.440909365434756,51.410555551446684],[-2.44101032442541,51.410501686334285],[-2.441188644747339,51.410442585798364],[-2.441537084293414,51.410297717229192],[-2.441789559103462,51.410171457427566],[-2.441557816655073,51.409951918738614],[-2.441530742606754,51.409910311417107],[-2.441822230426245,51.409687091989277],[-2.441738118219574,51.409619092125723],[-2.441738100885926,51.409617294373227],[-2.441720448563248,51.40961843962905]]]}","(51.41011202721511, -2.4410243041328976)",1,25,50,10,1
Batheaston Car Park,Batheaston,1992,378018.02607429912,167375.21278513555,"{""type"":""Polygon"",""coordinates"":[[[-2.318413964208634,51.404990871538615],[-2.318385955167157,51.404985823920342],[-2.318360090317492,51.404982298608097],[-2.318299695342913,51.404973473704757],[-2.318227690555395,51.404965579225227],[-2.318175985878934,51.404962124084449],[-2.318150002527172,51.404958599047802],[-2.318124131468814,51.404954174793552],[-2.318099676550641,51.404948847780254],[-2.318073686971206,51.404944423836817],[-2.318033454912031,51.404937341845745],[-2.317991688197153,51.404931162914735],[-2.317951343869412,51.404924980107147],[-2.317916801349003,51.404917882629057],[-2.317883687452035,51.404911680169747],[-2.317849144952025,51.404904582671683],[-2.317823273952907,51.404900158350891],[-2.317797396723193,51.404894835134478],[-2.317771413438335,51.404891310013767],[-2.317736883439687,51.404886010262288],[-2.317702359682662,51.404881609390536],[-2.317666394858731,51.404874515697131],[-2.317618957449198,51.404871048735529],[-2.317586001415087,51.40487050887694],[-2.317571291707947,51.40486884084347],[-2.317559313203847,51.404867884527683],[-2.317502828814852,51.404858868828434],[-2.31745134580235,51.404853165500121],[-2.317429995247258,51.404851065996624],[-2.317408284118335,51.404848248341075],[-2.317388230559641,51.404845156517197],[-2.31736745460809,51.404840448615296],[-2.317328394361236,51.404831385611701],[-2.317304995796034,51.404824527428708],[-2.31728290730495,51.404818564598536],[-2.317262837582433,51.404813135639287],[-2.317251801122696,51.40481127783319],[-2.317230441259447,51.404807829958351],[-2.317215733452405,51.404806431547158],[-2.317206010795807,51.404806008428956],[-2.317157991415157,51.404804070998772],[-2.317110557227104,51.404801053276181],[-2.317090868012318,51.40479921888442],[-2.31706514989266,51.404799737969839],[-2.317053183858856,51.40480057938219],[-2.317041817944583,51.404802497856842],[-2.317033176998916,51.404804229172221],[-2.317027499950453,51.404806042354195],[-2.317023130475176,51.404808391340325],[-2.317015221862663,51.404813176955081],[-2.317008851664306,51.4048175988422],[-2.317004860794231,51.40482327275798],[-2.317001592305626,51.404830562750483],[-2.316997610141338,51.404837495111941],[-2.316993989167081,51.404845235511722],[-2.31698977802373,51.404853337071543],[-2.316984142016914,51.404861082925187],[-2.316974881918546,51.40487611973272],[-2.316918683771784,51.404959870158102],[-2.316889021130743,51.40500705314102],[-2.316879760971878,51.405022089940772],[-2.316873895323602,51.40503091509833],[-2.316866710903388,51.405037586447548],[-2.316864074204941,51.405050537839116],[-2.316852324670559,51.405099829719667],[-2.316891182809234,51.405113927306367],[-2.317026257059508,51.405157428379866],[-2.317067838425116,51.40517106908262],[-2.317085175824121,51.405175606566253],[-2.317131756086904,51.40515795175633],[-2.317288125597954,51.405092806922667],[-2.317325430959805,51.405070952301621],[-2.317348629150791,51.405048866225172],[-2.317347261166786,51.405039611192315],[-2.317362747089326,51.405033546552104],[-2.317384543829126,51.405031599778134],[-2.317395995105513,51.405041996061911],[-2.317432627610259,51.405042795680963],[-2.31745337313886,51.405043099010477],[-2.317664878460602,51.405048997619751],[-2.318409043988323,51.404999244749412],[-2.318413964208634,51.404990871538615]]]}","(51.40497332435857, -2.317407934564816)",1,23,35,10,1
Canal bank and George Inn,Bathampton,11787,377744.50935793243,166491.50133559719,"{""type"":""Polygon"",""coordinates"":[[[-2.322034243754331,51.396545354522054],[-2.321956393847045,51.396462779138155],[-2.321953468988514,51.396417572097405],[-2.321936018442454,51.396413395204235],[-2.321921639037509,51.396407771612751],[-2.321884174133699,51.396388727853932],[-2.321784752928428,51.396440778202802],[-2.321581623704599,51.396491405381347],[-2.321555948142761,51.39649731878977],[-2.321530033663183,51.396502963176083],[-2.32150305637517,51.396509149819479],[-2.321475011863283,51.396515249495557],[-2.321447320350526,51.39652098863268],[-2.321416430332968,51.3965269163239],[-2.321326722972966,51.396544691219177],[-2.321281754853436,51.396554163245305],[-2.321244000052706,51.396561368196117],[-2.321210741677794,51.396567572002404],[-2.321178075212399,51.396573684285016],[-2.32115345606046,51.396578156454652],[-2.321130146179879,51.396583434046079],[-2.321106480764676,51.396588712607759],[-2.32106990344799,51.396594835583898],[-2.321012516884876,51.396607937186701],[-2.320997251158306,51.396611125211507],[-2.32098460586754,51.396616193758824],[-2.320972911171032,51.396621619262525],[-2.320958275760379,51.396630199003461],[-2.320947316039161,51.396639038341085],[-2.320929824887653,51.396662907343526],[-2.320919450447739,51.396704555221369],[-2.320921907519425,51.396716953420018],[-2.320817729828895,51.396750049017477],[-2.320807283314389,51.396747560693463],[-2.320796608590247,51.396746331465046],[-2.320786518866647,51.396744021943412],[-2.320774182484945,51.396742437701533],[-2.320761134414028,51.396740765516938],[-2.320752585954399,51.396738541661499],[-2.320730422670913,51.396738332693033],[-2.320707780314431,51.396737405905895],[-2.320680753712873,51.396736581011204],[-2.320669014290446,51.396735624359216],[-2.320659660795724,51.396736908443117],[-2.320648645013709,51.396737747623817],[-2.320641425958434,51.396739205643463],[-2.320626742650227,51.396740953772166],[-2.320613379932711,51.396745125335393],[-2.320596115181214,51.396750566051139],[-2.320572116095812,51.396758991596514],[-2.320546802071459,51.396765802701729],[-2.320514171840291,51.396777128366708],[-2.320470887612231,51.396790191104543],[-2.320438257344897,51.396801516748418],[-2.320361750845151,51.396825996591133],[-2.320319778938317,51.39684031415419],[-2.320283116101761,51.396851201331039],[-2.320245861951795,51.39686226989506],[-2.320209904490087,51.396872346102661],[-2.320108661066956,51.396901477848992],[-2.32005815875937,51.396916178199113],[-2.319961533921162,51.396944847740734],[-2.319911379520322,51.396958468387133],[-2.319861100304617,51.396971190444894],[-2.319810945845,51.396984811048362],[-2.319772143304402,51.396994805000297],[-2.319733465529452,51.397005697506792],[-2.319694656683226,51.397014792542166],[-2.319683075226385,51.397019498480937],[-2.319658468855757,51.397025858007822],[-2.319597190548032,51.397041846044708],[-2.31952385604268,51.397062451377053],[-2.319507889022389,51.397067079373763],[-2.319492488232336,51.397067930409669],[-2.319469861403556,51.39706925061104],[-2.319447832768061,51.39707137819348],[-2.319423786936889,51.397073151710877],[-2.31939713636736,51.3970752918909],[-2.31937711426884,51.397076245406808],[-2.319353787642132,51.397079185528789],[-2.319332464425122,51.39708050214854],[-2.319306400765142,51.397081831690244],[-2.319277151709857,51.397085237399466],[-2.31925311150077,51.39708781988373],[-2.31921508385233,51.397089991038385],[-2.319179790720159,51.397093413198739],[-2.319146405654515,51.397098538073678],[-2.319117529636976,51.397104459668888],[-2.319091156741604,51.397112441924818],[-2.319064418289722,51.397118986917953],[-2.319046453410957,51.397126047346774],[-2.319027193664787,51.397134369771699],[-2.319007217838367,51.397141975017725],[-2.318989970266296,51.397149932391812],[-2.31897131118996,51.397159421751695],[-2.31895406673336,51.397167828566005],[-2.318942149022242,51.397175321962038],[-2.318931415169113,51.397182632351004],[-2.318920212271947,51.397190663142808],[-2.31891396682918,51.397195803927147],[-2.318905459034803,51.397199422728505],[-2.318900285195851,51.397205279720232],[-2.318821052686054,51.397229945759129],[-2.31890083489069,51.397369418824553],[-2.318931426385073,51.397422640756652],[-2.318967810651125,51.397473779413872],[-2.319000600836252,51.397519354620584],[-2.319030890514607,51.397512170732448],[-2.319063189256963,51.397504172345407],[-2.319091108673043,51.397496994899676],[-2.319123754166562,51.397487737079892],[-2.319159709219968,51.397477211759885],[-2.319195666761358,51.397467045985223],[-2.31922902015345,51.397457336752481],[-2.319260940114876,51.397446013383821],[-2.319298901038538,51.397434224081188],[-2.319337569882146,51.39742198338174],[-2.319377542335855,51.397409739114195],[-2.319436069748504,51.397390073174826],[-2.319493309775745,51.397372747879281],[-2.319550529701258,51.397352546104912],[-2.31957986544708,51.397344555660332],[-2.319610484122272,51.397333595310528],[-2.319640530915482,51.397325602910087],[-2.31965778972679,51.397319263444182],[-2.319678479727096,51.397312105591887],[-2.319697051562497,51.397307110897827],[-2.319782323430079,51.397281798539289],[-2.319811654698719,51.39727317881313],[-2.319839919352739,51.397264561992799],[-2.319867952620128,51.397256754814883],[-2.319894688526755,51.397249850082282],[-2.319920480098983,51.397243487268241],[-2.319944855802739,51.397238027224908],[-2.31997361014689,51.39723165630442],[-2.319999511421453,51.397224034701949],[-2.320024112200927,51.397216866101758],[-2.320047414997836,51.397210510061043],[-2.320069420441797,51.39720505646963],[-2.320093439945366,51.397199507478078],[-2.320059741624136,51.397159777958109],[-2.320192967959007,51.397128311540747],[-2.320347498454334,51.397092831498945],[-2.320491264329017,51.39706025721992],[-2.320649100716972,51.397023059806628],[-2.32072101063353,51.397002187998709],[-2.320770857347242,51.396978500077978],[-2.320789861440816,51.396967571232786],[-2.320815441083065,51.396947904962012],[-2.320825114906846,51.396941586102855],[-2.320834063818813,51.396933291631136],[-2.320849933736261,51.396914820534832],[-2.320866298637773,51.39688241500447],[-2.320870199597455,51.396864066590425],[-2.321106502089232,51.396828541239472],[-2.321118837245658,51.396829945668152],[-2.321131165473829,51.39683036131558],[-2.321141467057182,51.396829074594073],[-2.321242287243731,51.396824213634666],[-2.32134097674366,51.396819717998511],[-2.32136692483523,51.396818837775292],[-2.32139393762754,51.396817684951834],[-2.321421302166584,51.396815991811813],[-2.321444632308265,51.396813590613128],[-2.321467737407677,51.396812897953055],[-2.321491776084736,51.39681013523672],[-2.321519134308872,51.396807543183051],[-2.321545184501503,51.396804325478911],[-2.321572768385725,51.396800114758463],[-2.321595504698208,51.396797535378795],[-2.321618831036035,51.39679459481097],[-2.321641802470968,51.396791745104146],[-2.321656481970515,51.396789457513826],[-2.321670807199768,51.396787350676433],[-2.321687496322694,51.396784338435538],[-2.321978419575248,51.39674704323366],[-2.322031986121659,51.396831213523875],[-2.32203967375065,51.396845844585563],[-2.322138252601412,51.397011062435503],[-2.322219692911729,51.397149000551501],[-2.322247272857592,51.397194768973073],[-2.322282051078606,51.397236112928312],[-2.322302387682457,51.397263024200889],[-2.322306211660892,51.397267508216636],[-2.32231586293531,51.39727485269939],[-2.322332797791633,51.397289907742831],[-2.322684855453574,51.397603016645412],[-2.322693566989252,51.397611532266666],[-2.323203780725044,51.397461445830288],[-2.322961209150449,51.397128979726993],[-2.322872643256979,51.397006073535593],[-2.322861027380855,51.396989026307061],[-2.322702830003718,51.396772735601779],[-2.322608367210051,51.396653710759516],[-2.322522865486178,51.396679655048437],[-2.322376814894186,51.396724013810804],[-2.322299118140509,51.396747599288176],[-2.322254945767217,51.396735405810851],[-2.322226916070842,51.396726763532136],[-2.322200786338157,51.396718655364069],[-2.322080288819923,51.396604825502031],[-2.322073373297504,51.396582012254534],[-2.322034243754331,51.396545354522054]]]}","(51.397016726630206, -2.3212843022287566)",1,27,30,10,1
Hampton Wharf,Bathampton,4783,378231.08115955716,165958.51330399263,"{""type"":""Polygon"",""coordinates"":[[[-2.314252903960329,51.391762997925817],[-2.314066012913939,51.391743183995729],[-2.314024357019668,51.391855119962287],[-2.313964594204873,51.391849437308196],[-2.313904715985375,51.39184420438739],[-2.313880199617815,51.391898024848842],[-2.313825730865905,51.392025186642748],[-2.313782249545453,51.392147554750089],[-2.313698397461934,51.392362079244158],[-2.313810638989929,51.392382453401069],[-2.313866152522409,51.392390484686068],[-2.313947765410517,51.392402760735081],[-2.313879672834015,51.392547847350123],[-2.314048618607604,51.392576968465953],[-2.314146487871295,51.39259234695723],[-2.314324817019872,51.3926245886815],[-2.314421529847328,51.392644105027081],[-2.314455832981043,51.392652282873911],[-2.314488233964137,51.392659566910645],[-2.314501287432883,51.392662228578416],[-2.314477286734556,51.39270481141476],[-2.314522270328194,51.392715207829959],[-2.314587678487752,51.392731751828101],[-2.314598233646069,51.392715722897478],[-2.314632677041678,51.392658010313227],[-2.314669732894644,51.392601099715769],[-2.3146905875721,51.392566345798954],[-2.314737325633605,51.392487116223897],[-2.314751524527394,51.392466762723409],[-2.314816888899299,51.392373460071994],[-2.314829216439183,51.392356707227442],[-2.314851484843394,51.392320780898103],[-2.314925100817905,51.392169476384773],[-2.314857657255081,51.392149791866395],[-2.314792863312191,51.392136302656439],[-2.314739708184357,51.392143816591997],[-2.314704483966425,51.392225801846763],[-2.314689756202915,51.39225541552333],[-2.3146848169083,51.392260912140145],[-2.314671899316392,51.392278026118881],[-2.31465274756573,51.392301898663163],[-2.314365648512654,51.392219700499425],[-2.314490510917845,51.391903398806498],[-2.31444386706266,51.391823611081051],[-2.314418702011489,51.391782778305803],[-2.314252903960329,51.391762997925817]]]}","(51.39224335543204, -2.314257669907741)",1,24,31,10,1
Dundas Wharf,Monkton Combe,9587,378382.1533491569,162576.48586267224,"{""type"":""Polygon"",""coordinates"":[[[-2.310847849632574,51.361516629074714],[-2.310863978413712,51.361520092009343],[-2.310901691192063,51.361528171971827],[-2.310909166230535,51.36153030951192],[-2.310933855328994,51.36153878361695],[-2.310938371713283,51.361541198687348],[-2.310944788900254,51.361544507622234],[-2.31095121218007,51.361548715453928],[-2.310953836901471,51.361551585004968],[-2.310958479017955,51.36155507843668],[-2.31096228854378,51.36155803473175],[-2.310965745248637,51.361561351529232],[-2.310971703993352,51.361566908963759],[-2.310976115975443,51.361571391810749],[-2.31098171885501,51.361576860298747],[-2.310986129620505,51.361581163365905],[-2.310991729456104,51.361586182404828],[-2.311002703259158,51.36159783912592],[-2.311008662622396,51.361603486448239],[-2.311015801917579,51.361608501396169],[-2.311020561245474,51.361611814731333],[-2.311021170404564,51.361614330070317],[-2.311022719608462,51.361615764215799],[-2.311032447076483,51.361618255329162],[-2.311038385118335,51.3616207565099],[-2.311044198038112,51.361622269218103],[-2.311051435040505,51.361624227598888],[-2.311059503418435,51.361626543335547],[-2.311068873194161,51.361628675830964],[-2.311286434100347,51.361684009944995],[-2.311362463776228,51.361701875914385],[-2.311389310229365,51.361714119621524],[-2.311397394501802,51.361718772467292],[-2.311405251087392,51.361724774288163],[-2.311415247164225,51.361731939004571],[-2.311421791983786,51.361736595943761],[-2.311428693284663,51.361741431716929],[-2.311437377597407,51.361747251551044],[-2.311444278901513,51.361752087323282],[-2.311452738581889,51.361759705580489],[-2.311459284629591,51.361764542296967],[-2.311464056819795,51.361769743297835],[-2.311471205953931,51.3617761964531],[-2.311479068051075,51.361783007276316],[-2.311483726097086,51.361788837819397],[-2.311492537999639,51.361796005679885],[-2.311518267475365,51.361818140375917],[-2.31153578936435,51.361834903428168],[-2.311546418480624,51.361848089167921],[-2.311554547960564,51.361859393841023],[-2.31156027424752,51.361865581103437],[-2.311566511451505,51.361877250376999],[-2.311571920937505,51.361889101635818],[-2.311573372501731,51.361893592339101],[-2.311574842378807,51.36190077973356],[-2.311576134016161,51.361916597170179],[-2.311576434340806,51.361925945069281],[-2.311576440445031,51.361926843966323],[-2.311575123171851,51.361942128998457],[-2.311570845386244,51.361957421909743],[-2.311565350428567,51.361985302846421],[-2.31155829158085,51.362009592291564],[-2.311554156619347,51.362028480475146],[-2.311554162723159,51.362029379372188],[-2.311552759986724,51.36203207984515],[-2.31155280881702,51.362039271021523],[-2.31154172545789,51.362098718685097],[-2.311527674832202,51.362157185438505],[-2.311511250301173,51.362179971649766],[-2.311478760830567,51.362173855595721],[-2.311424063797028,51.362158539804184],[-2.311388073911212,51.36222991935999],[-2.311373290101233,51.362250184230319],[-2.31134117085045,51.362298631187755],[-2.311326482148717,51.362332918845574],[-2.311306767269434,51.362359489213055],[-2.311259972010211,51.362426672567416],[-2.311235377852911,51.362467189050093],[-2.311101183903964,51.362656407399811],[-2.310829714252324,51.362999973969679],[-2.310580675023327,51.363351211034093],[-2.310556059086851,51.36338867112007],[-2.31080545130228,51.363456596347369],[-2.311168159249925,51.362980377486032],[-2.311115689452185,51.362961819544573],[-2.311167535583323,51.362888420328993],[-2.311337725631177,51.362663509225342],[-2.311448695657071,51.362507432397308],[-2.311547568823281,51.362401187445798],[-2.311559836452715,51.362376614466847],[-2.311563578330358,51.362369592985139],[-2.311601224752792,51.362332907019209],[-2.311624734428438,51.362307135522528],[-2.311634609778716,51.362296502058662],[-2.311645059524584,51.362283260216429],[-2.311659958593347,51.362262545548333],[-2.311699830573344,51.362274574723685],[-2.311712201295239,51.362265193087737],[-2.311728310801116,51.362248340514917],[-2.311738786771156,51.362238963921385],[-2.311754223599418,51.362227686398391],[-2.311764812483416,51.362217500479865],[-2.31177152828248,51.362212448680623],[-2.31177492767831,51.362207315821856],[-2.3117804775887,51.362204963866844],[-2.311784477640098,51.362201087886703],[-2.311787290425847,51.362196765611806],[-2.311789758943086,51.362194062297625],[-2.311789716794719,51.362187859908317],[-2.311789343817054,51.362185254053188],[-2.311871689296836,51.362017117711879],[-2.311880791069173,51.361997227480416],[-2.311887902293219,51.361980668530528],[-2.311892219081981,51.361971128548873],[-2.311893141393139,51.361967440547097],[-2.311895246686823,51.361963569610943],[-2.311897720073639,51.361961585412061],[-2.311900180016987,51.361957623639604],[-2.311903585490317,51.361953389673985],[-2.31190639947191,51.361949247175502],[-2.311920294863237,51.36193770406279],[-2.311952331500718,51.361894650642824],[-2.311957023086223,51.361887986182538],[-2.311960055564363,51.361881146360503],[-2.311962160848476,51.361877275423112],[-2.311965342304517,51.361874929770558],[-2.311972434072908,51.361872933262845],[-2.311977003565833,51.361865729779076],[-2.31198111098956,51.36186023546184],[-2.311988161802783,51.36185221634301],[-2.311993102443839,51.36184734904414],[-2.311998651077091,51.361844817299335],[-2.312004541522514,51.36184030703398],[-2.312012341359664,51.361837949071386],[-2.312020726572528,51.361834600743443],[-2.312028520906124,51.361831433772458],[-2.312038447412193,51.36182835100913],[-2.312048374528286,51.361825358134681],[-2.312048934838907,51.361820682291842],[-2.31205114263778,51.361814473904886],[-2.312055727396522,51.361809517660603],[-2.31205970354709,51.361802135972439],[-2.312064042904343,51.361795921903287],[-2.312068376757996,51.361788898826639],[-2.312091967431059,51.361740294618443],[-2.312146871371592,51.361629402112342],[-2.312199387938411,51.361533168232938],[-2.31224097230769,51.361466268063367],[-2.312290100363669,51.361463799845545],[-2.312370571546423,51.361490462664527],[-2.312433143469069,51.361531915378762],[-2.31246553962866,51.361559155882084],[-2.312528799956269,51.361614719647498],[-2.312580227881786,51.361654314314215],[-2.31262340387253,51.361699414366164],[-2.312627947098263,51.361723133546455],[-2.312639240450895,51.361833759620872],[-2.312659680780271,51.361809524263052],[-2.312701402322016,51.361728061170062],[-2.312822392585539,51.36147945805579],[-2.312930893546775,51.361240326781186],[-2.312972526415453,51.361146009357391],[-2.313050346819813,51.360975097617406],[-2.313237349163251,51.36056127697266],[-2.313273281423118,51.36044737836702],[-2.313194683512179,51.360504130331641],[-2.313130223043083,51.360550237249264],[-2.31307695930706,51.360588583531388],[-2.313044801977373,51.360613659322368],[-2.313013849632137,51.360641788188545],[-2.312980404971059,51.360669114687404],[-2.312919926613675,51.360726177586336],[-2.31284209209437,51.360808186739796],[-2.312756721454598,51.360896508368143],[-2.3125677760006,51.361112842122573],[-2.312412141454619,51.361282343175013],[-2.312265022501737,51.361433034010787],[-2.312021456137925,51.361471707476205],[-2.311982702953489,51.361449967163061],[-2.311959418092208,51.36142162355091],[-2.311966206334784,51.361409829696179],[-2.311932501381524,51.361399042656963],[-2.311923338639978,51.361409943923142],[-2.311907699382011,51.361408817004815],[-2.311892768194919,51.361407328632588],[-2.311870381497367,51.361406579250954],[-2.311853563550038,51.361406264487485],[-2.31183983488365,51.361407469645343],[-2.311823057866087,51.36141317748821],[-2.311768411783732,51.361422671730075],[-2.311647878309108,51.361460387461662],[-2.311563346542323,51.361480927905909],[-2.311307412893351,51.361547049656856],[-2.310798978017268,51.361434598150765],[-2.310729123839128,51.361419232381714],[-2.310712879728051,51.361416219191291],[-2.310682291557554,51.361480932243047],[-2.310743147166176,51.361496501708594],[-2.310836231749569,51.361514772204764],[-2.310847849632574,51.361516629074714]]]}","(51.36183960270314, -2.311879542858478)",10,113,56,10,1
Somerset Coal Canal,Monkton Combe,26570,378290.51911019615,162273.0200363544,"{""type"":""Polygon"",""coordinates"":[[[-2.311107603233862,51.361437463932383],[-2.311132513308939,51.36144360023367],[-2.311168684183716,51.361451324642871],[-2.311285171937771,51.36146306039798],[-2.311415154111467,51.361456512199808],[-2.311496591717122,51.361451171731566],[-2.311517778371297,51.361449587203154],[-2.311547004098342,51.361446003667844],[-2.311572551502771,51.361441351218936],[-2.311579390512357,51.361437018232735],[-2.311584594238943,51.361436015578072],[-2.311589553191384,51.361433844987275],[-2.311595466211152,51.361432660661571],[-2.311600195039553,51.361431479487571],[-2.311605161926865,51.361430477462363],[-2.311610364431186,51.361429295027143],[-2.311616272565909,51.361427391582701],[-2.311627148196818,51.361424576001554],[-2.311702917433391,51.361404148733513],[-2.311755376385952,51.361386480234671],[-2.311823504473832,51.36137434323998],[-2.311900507834398,51.361361283646474],[-2.311949984942332,51.361357915727758],[-2.311941661534826,51.36137034291167],[-2.311985671975744,51.361381551941399],[-2.311993303196487,51.361371823339304],[-2.312009003239757,51.36134706137819],[-2.312158272755893,51.361112047047371],[-2.312166940304842,51.361098000885541],[-2.312182270228719,51.36107108249454],[-2.312255986470693,51.361010119344456],[-2.312319316387354,51.36090208079063],[-2.312441575815547,51.360665969546289],[-2.31262906011074,51.360322263827541],[-2.312650487328878,51.360269170702949],[-2.312650253970892,51.360234922718554],[-2.312648223955894,51.360215062149734],[-2.312648099621882,51.360196814535847],[-2.312624808468128,51.360150133229418],[-2.312603288085425,51.360102638167312],[-2.312593739737476,51.360074257993681],[-2.312586056656575,51.36004155805329],[-2.312580355186654,51.360021617394551],[-2.312577552494368,51.359975240934993],[-2.312574832472938,51.359940999588332],[-2.312576322128364,51.359898926452708],[-2.312577507738429,51.359881754036522],[-2.312578598813813,51.35986808763591],[-2.312581132300939,51.359857563581613],[-2.312582850353497,51.359849019314581],[-2.312584657427575,51.359836160024308],[-2.3125883566904,51.359822936116068],[-2.312625739931422,51.359748046674341],[-2.312779366381367,51.359458545674002],[-2.312812436337644,51.35939373552533],[-2.312874087657506,51.359300533200333],[-2.312895044642349,51.359265419552628],[-2.312921559056817,51.359229122458061],[-2.312937614337669,51.359204539195424],[-2.312967166964564,51.359162301137594],[-2.312996771041104,51.359127613810031],[-2.313031329412069,51.359090126594573],[-2.313061683120663,51.359061190293765],[-2.31308332452758,51.359039648378499],[-2.31326508689045,51.358865491985121],[-2.313400509096626,51.358737663541902],[-2.313548324480302,51.358604048696883],[-2.313628694111102,51.358529852797425],[-2.313678680472427,51.358480188715156],[-2.31377086929198,51.358402814847423],[-2.313843944677909,51.358335649876004],[-2.313891457492492,51.358287969942808],[-2.313926767399516,51.358256682947427],[-2.313980474924529,51.35821446974024],[-2.314006513307082,51.358195342925001],[-2.314037535374386,51.358177730888599],[-2.314069743985219,51.358160475226164],[-2.314130543941511,51.358133794132314],[-2.314261509147053,51.358082024753884],[-2.314311123934492,51.358064722296739],[-2.314377524010507,51.358043149847646],[-2.314409191465749,51.358033356530427],[-2.314487547805848,51.358011302449675],[-2.314596346583496,51.357990784556186],[-2.314687623027559,51.357970673230582],[-2.314710565005572,51.35796629677035],[-2.314774657592219,51.357953629547175],[-2.315010239261909,51.357910567122353],[-2.315214002808801,51.357872623819908],[-2.315438395890124,51.357838489907557],[-2.315442739360736,51.357832994828357],[-2.315446961948907,51.357827140509158],[-2.315449432488308,51.357824796675551],[-2.315450718929886,51.357822456032636],[-2.315453771012921,51.357818582478082],[-2.315456940887263,51.357814618714634],[-2.315461865897079,51.357807593913805],[-2.315464909944943,51.357802551792375],[-2.315467369976995,51.357798679832882],[-2.315490906687477,51.357777491924743],[-2.315573705170836,51.357695557469711],[-2.315598402381608,51.35767095053783],[-2.315610165421773,51.357659592508305],[-2.315618771590523,51.357654085930058],[-2.315621931547362,51.357648683926271],[-2.315625578123962,51.357645168329881],[-2.315631113684245,51.357640838617726],[-2.315627416411288,51.357636983255809],[-2.315630465375827,51.35763266024788],[-2.315634827970495,51.357629951743327],[-2.315643546975399,51.357623635836369],[-2.31565098264381,51.357620110022609],[-2.315657691779522,51.357614248990906],[-2.315687472456439,51.357588459744306],[-2.315739910614764,51.357534203698052],[-2.315777071783074,51.357496888421885],[-2.315790950011577,51.357483187491603],[-2.31579930075021,51.357474984846704],[-2.315803642906184,51.357469309974455],[-2.315810475976766,51.357464257622141],[-2.315814821842088,51.357459122087917],[-2.315817881912517,51.357456417090333],[-2.315822230869429,51.357451731004502],[-2.315826232641471,51.357448214443494],[-2.315826786329506,51.357442639682425],[-2.315827347441158,51.35743814359823],[-2.315821724696449,51.357429798866541],[-2.315817056647031,51.357422530255953],[-2.315808832626359,51.357414731889683],[-2.315800738151813,51.357408551218754],[-2.315786940887788,51.357399599297118],[-2.315780164996314,51.35739575224445],[-2.315771973150526,51.357392628142058],[-2.315761405092425,51.357388341860144],[-2.31575012411058,51.357383697934573],[-2.315740872157714,51.357381385711996],[-2.315733985904147,51.357378707542615],[-2.315722718533089,51.357376041188694],[-2.315712743144757,51.357371843195381],[-2.315682847290356,51.357363653807674],[-2.31553365470056,51.35734715644525],[-2.314861230475732,51.357282537189242],[-2.314828795823125,51.357318491093523],[-2.314747651498742,51.357313675371465],[-2.31471902131191,51.357317348000826],[-2.314717606575055,51.357318250718293],[-2.31470896892162,51.357319172853458],[-2.314691705942065,51.357322814916898],[-2.314671738055978,51.357329160990844],[-2.314665954530842,51.357331873279058],[-2.314661704152014,51.35733368253193],[-2.314655920625714,51.357336394819647],[-2.314650261670634,51.357340005686311],[-2.314647319947571,51.357342710335303],[-2.314643081893494,51.357346317382522],[-2.314641673933795,51.357348208886322],[-2.314638850618235,51.357350913216848],[-2.314637448205044,51.357353613728343],[-2.314634500317276,51.357355419479511],[-2.314633097903692,51.357358119990977],[-2.314633116392852,51.357360816683467],[-2.314631713979008,51.357363517194898],[-2.314631750957177,51.357368910579929],[-2.314680721391383,51.357413185308609],[-2.314725832515042,51.357464481921888],[-2.314650061262007,51.357483472909102],[-2.314615295268168,51.357490308203829],[-2.314599546883108,51.357490350526817],[-2.314258235900185,51.357569472783823],[-2.314114964012836,51.35760491495185],[-2.314092023388411,51.357609471075001],[-2.31407050982235,51.357614922279076],[-2.314040364678793,51.35762219446265],[-2.314026055612428,51.357624929589427],[-2.313978641150809,51.35763494482255],[-2.313720977745673,51.357756179980342],[-2.313700927996351,51.357767919591375],[-2.313693854141985,51.357772433116942],[-2.31367379208989,51.357782374928277],[-2.313659513672098,51.357789604497931],[-2.313650912772008,51.357795919940351],[-2.313609410704704,51.357822099634035],[-2.313469317084183,51.357906972763544],[-2.313435007128313,51.35792863856625],[-2.313407777189861,51.357946689748552],[-2.3133534301346,51.35798198276941],[-2.313266193187696,51.358038847825583],[-2.313247688669614,51.358051482137149],[-2.31324332589385,51.358054190552942],[-2.313229071866664,51.358065015660117],[-2.313211988253097,51.358077646164091],[-2.313180550574217,51.358103798776142],[-2.313170534757765,51.35811101688202],[-2.313160512803782,51.358117336089514],[-2.313151924042203,51.358125449290199],[-2.313146271005747,51.358129958981614],[-2.313136267446066,51.358138974879566],[-2.313133319448823,51.358140780592912],[-2.313107628604532,51.358158827587715],[-2.313066915474283,51.358196600966316],[-2.313060859301059,51.358211449241594],[-2.312955266404253,51.35842441460035],[-2.312879013426999,51.358564129855971],[-2.31285808371333,51.35860319865337],[-2.312791703394296,51.358714751459608],[-2.312734817102021,51.358777288060821],[-2.312673091058729,51.358842084844746],[-2.31264595031004,51.358873349641001],[-2.312624903288052,51.358895249454172],[-2.312610126602997,51.358916323497084],[-2.312602719272064,51.358924073935775],[-2.312595349904432,51.358937397538114],[-2.312589142615272,51.358947481947332],[-2.312581767729042,51.358959996541074],[-2.312517926161146,51.359079362955214],[-2.312458694985664,51.359162850367888],[-2.312328050348169,51.359349453920778],[-2.312181406729364,51.359551741084694],[-2.31209384695991,51.35968366540061],[-2.312060531252663,51.359712519450994],[-2.312038257242732,51.359728219921507],[-2.312023282144587,51.359737608538296],[-2.31201336709094,51.359742309315912],[-2.312000981216689,51.35974935385331],[-2.311986108628225,51.359756405016597],[-2.311971240924361,51.359764175295894],[-2.311955055374497,51.359769701800879],[-2.311940198660648,51.359779090091479],[-2.31192036301692,51.359787682624194],[-2.311900517589596,51.359794836917743],[-2.311866972073301,51.359807331296381],[-2.311850295732584,51.359914885791412],[-2.311830915727906,51.359990536050674],[-2.311819883120299,51.360022476870796],[-2.311772269690806,51.360160497029732],[-2.311764979283114,51.360185506242843],[-2.311713951755788,51.360378818649565],[-2.311673096089802,51.360587834933298],[-2.311656254780969,51.36067120905166],[-2.311639212550616,51.360725009447314],[-2.311629556707534,51.360767913324715],[-2.311612514410506,51.360821713715715],[-2.311595364643986,51.360877132433991],[-2.311579555886871,51.360920771813717],[-2.311566120951354,51.360965213895362],[-2.311556332541639,51.360988611695795],[-2.311546613090894,51.361022167033738],[-2.311534348254322,51.361047099575295],[-2.311522168235896,51.361084526786527],[-2.311418271802314,51.361357533542666],[-2.311401575823656,51.361392635577452],[-2.311375587083698,51.361402053403907],[-2.311364937300718,51.36140325031694],[-2.311353805911335,51.361403279922463],[-2.311344458736924,51.361404473369198],[-2.311335695728024,51.361404496674233],[-2.311325754017988,51.361405332135249],[-2.311314622628071,51.361405361737063],[-2.31130148055391,51.36140575624988],[-2.311289054482412,51.361406957879403],[-2.311267978331377,51.361407373485257],[-2.311254236843598,51.361406690890469],[-2.311244300009678,51.361408245462329],[-2.311219994838114,51.361403995294793],[-2.311199452863995,51.361395869791117],[-2.311113805697316,51.361426570597374],[-2.311107603233862,51.361437463932383]]]}","(51.35910748210194, -2.3131769809872367)",10,113,56,10,1
